/*M!999999\- enable the sandbox mode */ 
-- MariaDB dump 10.19-12.3.2-MariaDB, for Linux (x86_64)
--
-- Host: localhost    Database: Facultad
-- ------------------------------------------------------
-- Server version	12.3.2-MariaDB

/*!40101 SET @OLD_CHARACTER_SET_CLIENT=@@CHARACTER_SET_CLIENT */;
/*!40101 SET @OLD_CHARACTER_SET_RESULTS=@@CHARACTER_SET_RESULTS */;
/*!40101 SET @OLD_COLLATION_CONNECTION=@@COLLATION_CONNECTION */;
/*!40101 SET NAMES utf8mb4 */;
/*!40103 SET @OLD_TIME_ZONE=@@TIME_ZONE */;
/*!40103 SET TIME_ZONE='+00:00' */;
/*!40014 SET @OLD_UNIQUE_CHECKS=@@UNIQUE_CHECKS, UNIQUE_CHECKS=0 */;
/*!40014 SET @OLD_FOREIGN_KEY_CHECKS=@@FOREIGN_KEY_CHECKS, FOREIGN_KEY_CHECKS=0 */;
/*!40101 SET @OLD_SQL_MODE=@@SQL_MODE, SQL_MODE='NO_AUTO_VALUE_ON_ZERO' */;
/*M!100616 SET @OLD_NOTE_VERBOSITY=@@NOTE_VERBOSITY, NOTE_VERBOSITY=0 */;

--
-- Table structure for table `alumno`
--

DROP TABLE IF EXISTS `alumno`;
/*!40101 SET @saved_cs_client     = @@character_set_client */;
/*!40101 SET character_set_client = utf8mb4 */;
CREATE TABLE `alumno` (
  `idAlumno` char(5) NOT NULL,
  `NIF` char(9) DEFAULT NULL,
  `nombre` tinytext NOT NULL,
  `apellido1` tinytext NOT NULL,
  `apellido2` tinytext DEFAULT NULL,
  `email` varchar(50) DEFAULT NULL,
  `direccion` varchar(100) NOT NULL,
  `codigoPostal` decimal(5,0) NOT NULL,
  `municipio` tinytext NOT NULL,
  `provincia` tinytext NOT NULL,
  `beca` char(2) NOT NULL,
  PRIMARY KEY (`idAlumno`),
  UNIQUE KEY `NIF` (`NIF`),
  UNIQUE KEY `email` (`email`)
) ENGINE=InnoDB DEFAULT CHARSET=utf8mb4 COLLATE=utf8mb4_unicode_ci;
/*!40101 SET character_set_client = @saved_cs_client */;

--
-- Dumping data for table `alumno`
--

SET @OLD_AUTOCOMMIT=@@AUTOCOMMIT, @@AUTOCOMMIT=0;
LOCK TABLES `alumno` WRITE;
/*!40000 ALTER TABLE `alumno` DISABLE KEYS */;
INSERT INTO `alumno` VALUES
('AL001','12345678A','Antonio','Garcia','Cano','antonio.garcia.cano@ucm.com','Calle de La Acebeda , 106',28025,'Batres','Madrid','no'),
('AL002','12345679B','Jose','Gonzalez','Guerrero','jose.gonzalez.guerrero@ucm.com','Camino de La Aceña , 340',28040,'San Martín de Valdeiglesias','Madrid','no'),
('AL003','12345680C','Maria Carmen','Rodriguez','Lozano','maria.carmen.rodriguez.lozano@ucm.com','Calle de La Adrada , 342',28048,'Horcajo de la Sierra-Aoslos','Madrid','no'),
('AL004','12345681D','Maria','Fernandez','Cortes','maria.fernandez.cortes@ucm.com','Paraje La Aldehuela , 242',28043,'Cenicientos','Madrid','si'),
('AL005','12345682E','Manuel','Lopez','Castillo','manuel.lopez.castillo@ucm.com','Paraje La Aldehuela , 154',28022,'Manzanares el Real','Madrid','no'),
('AL006','12345683F','Francisco','Martinez','Santos','francisco.martinez.santos@ucm.com','Paraje La Aldehuela , 34',28021,'Cobeña','Madrid','no'),
('AL007','12345684G','Carmen','Sanchez','Garrido','carmen.sanchez.garrido@ucm.com','Calle de La Alegría de la Huerta , 155',28018,'Parla','Madrid','no'),
('AL008','12345685H','Juan','Perez','Medina','juan.perez.medina@ucm.com','Calle La Almazara , 487',28037,'Soto del Real','Madrid','no'),
('AL009','12345686I','David','Gomez','Nuñez','david.gomez.nuñez@ucm.com','Plaza de La Almunia , 64',28019,'Colmenarejo','Madrid','si'),
('AL010','12345687J','Josefa','Martin','Iglesias','josefa.martin.iglesias@ucm.com','Calle de La Bañeza , 464',28044,'Talamanca de Jarama','Madrid','no'),
('AL011','12345688K','Jose Antonio','Jimenez','Sanz','jose.antonio.jimenez.sanz@ucm.com','Calle La Bruja , 355',28046,'Madrid','Madrid','no'),
('AL012','12345689L','Jose Luis','Ruiz','Marin','jose.luis.ruiz.marin@ucm.com','Calle de La Cabaña , 30',28036,'Fuente el Saz de Jarama','Madrid','no'),
('AL013','12345690M','Javier','Hernandez','Rubio','javier.hernandez.rubio@ucm.com','Calle de La Cabrera , 473',28046,'Alameda del Valle','Madrid','no'),
('AL014','12345691N','Isabel','Diaz','Ortiz','isabel.diaz.ortiz@ucm.com','Camino de La Cabrera , 36',28032,'San Martín de Valdeiglesias','Madrid','si'),
('AL015','12345692O','Jesus','Moreno','Castro','jesus.moreno.castro@ucm.com','Vereda de La Calderona , 423',28020,'Pelayos de la Presa','Madrid','no'),
('AL016','12345693P','Francisco Javier','Alvarez','Delgado','francisco.javier.alvarez.delgado@ucm.com','Calle La Caleriza , 366',28000,'San Martín de la Vega','Madrid','no'),
('AL017','12345694Q','Ana Maria','Muñoz','Ortega','ana.maria.muñoz.ortega@ucm.com','Calle de La Calesera , 304',28016,'Torrelodones','Madrid','no'),
('AL018','12345695R','Carlos','Romero','Morales','carlos.romero.morales@ucm.com','Calle La Callejuela , 498',28028,'Navalagamella','Madrid','no'),
('AL019','12345696S','Daniel','Alonso','Molina','daniel.alonso.molina@ucm.com','Urbanizacion La Campanera , 195',28032,'Pozuelo del Rey','Madrid','si'),
('AL020','12345697T','Maria Dolores','Gutierrez','Suarez','maria.dolores.gutierrez.suarez@ucm.com','Calle de La Canción del Olvido , 79',28001,'Quijorna','Madrid','no'),
('AL021','12345698U','Maria Pilar','Navarro','Blanco','maria.pilar.navarro.blanco@ucm.com','Calle La Canda , 268',28016,'Camarma de Esteruelas','Madrid','no'),
('AL022','12345699V','Miguel','Torres','Serrano','miguel.torres.serrano@ucm.com','Calle de La Caoba , 500',28044,'Corpa','Madrid','no'),
('AL023','12345700W','Maria Teresa','Dominguez','Ramirez','maria.teresa.dominguez.ramirez@ucm.com','Plaza de La Carolina , 358',28006,'Valdemorillo','Madrid','no'),
('AL024','12345701X','Ana','Vazquez','Gil','ana.vazquez.gil@ucm.com','Calle de La Ceiba , 356',28031,'Cadalso de los Vidrios','Madrid','si'),
('AL025','12345702Y','Rafael','Ramos','Ramos','rafael.ramos.ramos@ucm.com','Calle de La Cenicienta , 154',28044,'Aldea del Fresno','Madrid','no'),
('AL026','12345703Z','Jose Manuel','Gil','Vazquez','jose.manuel.gil.vazquez@ucm.com','Finca La Cervera , 372',28053,'Navalafuente','Madrid','no'),
('AL027','12345704A','Pedro','Ramirez','Dominguez','pedro.ramirez.dominguez@ucm.com','Camino de La China a Vallecas , 37',28048,'Lozoyuela-Navas-Sieteiglesias','Madrid','no'),
('AL028','12345705B','Laura','Serrano','Torres','laura.serrano.torres@ucm.com','Calle de La Chulapona , 85',28037,'Cobeña','Madrid','no'),
('AL029','12345706C','Francisca','Blanco','Navarro','francisca.blanco.navarro@ucm.com','Calle La Cieguita de Getafe , 227',28047,'Gargantilla del Lozoya y Pinilla de Buitrago','Madrid','si'),
('AL030','12345707D','Antonia','Suarez','Gutierrez','antonia.suarez.gutierrez@ucm.com','Plaza de La Corrala , 232',28053,'Morata de Tajuña','Madrid','no'),
('AL031','12345708E','Alejandro','Molina','Alonso','alejandro.molina.alonso@ucm.com','Calle de La Corte de Faraón , 139',28016,'Campo Real','Madrid','no'),
('AL032','12345709F','Dolores','Morales','Romero','dolores.morales.romero@ucm.com','Calle La Coruña , 377',28054,'Zarzalejo','Madrid','no'),
('AL033','12345710G','Angel','Ortega','Muñoz','angel.ortega.Muñoz@ucm.com','Calle La Coruña , 294',28017,'Valdaracete','Madrid','no'),
('AL034','12345711H','Maria Angeles','Delgado','Alvarez','maria.angeles.delgado.alvarez@ucm.com','Calle de La Coruña , 474',28049,'La Serna del Monte','Madrid','si'),
('AL035','12345712I','Cristina','Castro','Moreno','cristina.castro.moreno@ucm.com','Calle de La Coruña , 373',28017,'Morata de Tajuña','Madrid','no'),
('AL036','12345713J','Miguel Angel','Ortiz','Diaz','miguel.angel.ortiz.diaz@ucm.com','Calle La Coruña , 379',28016,'Garganta de los Montes','Madrid','no'),
('AL037','12345714K','Jose Maria','Rubio','Hernandez','jose.maria.rubio.hernandez@ucm.com','Calle La Coruña , 420',28039,'Daganzo de Arriba','Madrid','no'),
('AL038','12345715L','Fernando','Marin','Ruiz','fernando.marin.ruiz@ucm.com','Calle La Cruz , 248',28006,'Tielmes','Madrid','no'),
('AL039','12345716M','Marta','Sanz','Jimenez','marta.sanz.jimenez@ucm.com','Travesia La Dehesa , 55',28003,'La Serna del Monte','Madrid','si'),
('AL040','12345717N','Luis','Nuñez','Martin','luis.Nuñez.martin@ucm.com','Calle de La del Manojo de Rosas , 396',28029,'Olmeda de las Fuentes','Madrid','no'),
('AL041','12345718O','Maria Jose','Iglesias','Gomez','maria.jose.iglesias.gomez@ucm.com','Calle de La del Soto del Parral , 274',28021,'Rascafría','Madrid','no'),
('AL042','12345719P','Maria Isabel','Medina','Perez','maria.isabel.medina.perez@ucm.com','Calle de La Diligencia , 173',28026,'Ambite','Madrid','no'),
('AL043','12345720Q','Pablo','Garrido','Sanchez','pablo.garrido.sanchez@ucm.com','Calle de La Dolorosa , 195',28055,'Valdaracete','Madrid','no'),
('AL044','12345721R','Sergio','Santos','Martinez','sergio.santos.martinez@ucm.com','Parque de La Elipa , 292',28041,'Navarredonda y San Mamés','Madrid','si'),
('AL045','12345722S','Jorge','Castillo','Lopez','jorge.castillo.lopez@ucm.com','Calle La Encina , 379',28040,'Tielmes','Madrid','no'),
('AL046','12345723T','Alberto','Cortes','Fernandez','alberto.cortes.fernandez@ucm.com','Lugar La Encinilla , 116',28028,'Boadilla del Monte','Madrid','no'),
('AL047','12345724U','Pilar','Lozano','Rodriguez','pilar.lozano.rodriguez@ucm.com','Camino de La Ermita de Valmayor , 357',28051,'El Berrueco','Madrid','no'),
('AL048','12345725V','Maria Luisa','Guerrero','Gonzalez','maria.luisa.guerrero.gonzalez@ucm.com','Urbanizacion La Ermita , 483',28001,'Los Molinos','Madrid','no'),
('AL049','12345726W','Lucia','Cano','Garcia','lucia.cano.garcia@ucm.com','Calle de La Escala , 229',28051,'San Martín de la Vega','Madrid','si'),
('AL050','12345727X','Antonio','Alonso','Paredes','antonio.alonso.paredes@ucm.com','Calle de La Escuela de Vallecas , 125',28027,'Nuevo Baztán','Madrid','no'),
('AL051','12345728Y','Jose','Alvarez','Anton','jose.alvarez.anton@ucm.com','Calle de La Española , 91',28048,'Loeches','Madrid','no'),
('AL052','12345729Z','Maria Carmen','Blanco','Ballesteros','maria.carmen.blanco.ballesteros@ucm.com','Calle de La Estrada , 37',28023,'Moraleja de Enmedio','Madrid','no'),
('AL053','12345730A','Maria','Cano','Valverde','maria.cano.valverde@ucm.com','Lugar La Fábrica , 97',28006,'Horcajuelo de la Sierra','Madrid','no'),
('AL054','12345731B','Manuel','Castillo','Maldonado','manuel.castillo.maldonado@ucm.com','Finca La Flamenca , 97',28036,'Torrejón de Ardoz','Madrid','si'),
('AL055','12345732C','Francisco','Castro','Bautista','francisco.castro.bautista@ucm.com','Calle La Flor de la Mancha , 391',28014,'Puentes Viejas','Madrid','no'),
('AL056','12345733D','Carmen','Cortes','Valle','carmen.cortes.valle@ucm.com','Calle de La Fuente , 12',28050,'Montejo de la Sierra','Madrid','no'),
('AL057','12345734E','Juan','Delgado','Ponce','juan.delgado.ponce@ucm.com','Finca La Gamonosa , 134',28024,'Humanes de Madrid','Madrid','no'),
('AL058','12345735F','David','Diaz','Rodrigo','david.diaz.rodrigo@ucm.com','Avenida de La Gavia , 274',28037,'Braojos de la Sierra','Madrid','no'),
('AL059','12345736G','Josefa','Dominguez','Lorente','josefa.dominguez.lorente@ucm.com','Calle La Granja , 68',28025,'Torrejón de Velasco','Madrid','si'),
('AL060','12345737H','Jose Antonio','Fernandez','Oliva','jose.antonio.fernandez.oliva@ucm.com','Camino de La Granja , 314',28012,'Robledillo de la Jara','Madrid','no'),
('AL061','12345738I','Jose Luis','Garcia','Juan','jose.luis.garcia.juan@ucm.com','Carretera de La Granja , 191',28053,'Robledillo de la Jara','Madrid','no'),
('AL062','12345739J','Javier','Garrido','Cordero','javier.garrido.cordero@ucm.com','Calle de La Granja de San Ildefonso , 41',28024,'Santa María de la Alameda','Madrid','no'),
('AL063','12345740K','Isabel','Gil','Mas','isabel.gil.mas@ucm.com','Glorieta de La Granjuela , 370',28013,'Meco','Madrid','no'),
('AL064','12345741L','Jesus','Gomez','Collado','jesus.gomez.collado@ucm.com','Avenida de La Guindalera , 236',28049,'Villalbilla','Madrid','si'),
('AL065','12345742A','Francisco Javier','Gonzalez','Murillo','francisco.javier.gonzalez.murillo@ucm.com','Bulevar de La Habana , 455',28009,'Alcalá de Henares','Madrid','no'),
('AL066','12345743B','Ana Maria','Guerrero','Pozo','ana.maria.guerrero.pozo@ucm.com','Calle de La Habana , 269',28021,'Valdeolmos-Alalpardo','Madrid','no'),
('AL067','12345744C','Carlos','Gutierrez','De La Cruz','carlos.gutierrez.de.la.cruz@ucm.com','Calle La Haya , 327',28052,'Colmenar del Arroyo','Madrid','no'),
('AL068','12345745D','Daniel','Hernandez','Cuenca','daniel.hernandez.cuenca@ucm.com','Calle La Haya , 281',28032,'Valdetorres de Jarama','Madrid','no'),
('AL069','12345746E','Maria Dolores','Iglesias','Montoya','maria.dolores.iglesias.montoya@ucm.com','Calle La Herrería , 291',28036,'Collado Villalba','Madrid','si'),
('AL070','12345747F','Maria Pilar','Jimenez','Martos','maria.pilar.jimenez.martos@ucm.com','Calle de La Hiruela , 30',28018,'Rivas-Vaciamadrid','Madrid','no'),
('AL071','12345748G','Miguel','Lopez','Cuevas','miguel.lopez.cuevas@ucm.com','Carretera de La Hiruela-Cardoso , 275',28039,'Horcajo de la Sierra-Aoslos','Madrid','no'),
('AL072','12345749H','Maria Teresa','Lozano','Marco','maria.teresa.lozano.marco@ucm.com','Carretera de La Hiruela-Montejo de la Sierra , 404',28005,'Rascafría','Madrid','no'),
('AL073','12345750I','Ana','Marin','Barroso','ana.marin.barroso@ucm.com','Calle de La Huerta de los Rueda , 242',28015,'Zarzalejo','Madrid','no'),
('AL074','12345751J','Rafael','Martin','Ros','rafael.martin.ros@ucm.com','Calle La Imagen , 9',28045,'Las Rozas de Madrid','Madrid','si'),
('AL075','12345752K','Jose Manuel','Martinez','Quesada','jose.manuel.martinez.quesada@ucm.com','Finca La Isabela , 471',28036,'Villar del Olmo','Madrid','no'),
('AL076','12345753L','Pedro','Medina','De La Torre','pedro.medina.de.la.torre@ucm.com','Finca La Josefilla , 211',28020,'Anchuelo','Madrid','no'),
('AL077','12345754M','Laura','Molina','Barrera','laura.molina.barrera@ucm.com','Calle de La Latina , 116',28017,'Sevilla la Nueva','Madrid','no'),
('AL078','12345755N','Francisca','Morales','Ordoñez','francisca.morales.ordoñez@ucm.com','Calle de La Línea de la Concepción , 400',28031,'Villaconejos','Madrid','no'),
('AL079','12345756O','Antonia','Moreno','Gimeno','antonia.moreno.gimeno@ucm.com','Calle de La Lobera , 376',28033,'Navalcarnero','Madrid','si'),
('AL080','12345757P','Alejandro','Muñóz','Corral','alejandro.muñoz.corral@ucm.com','Calle La Lobera , 102',28016,'Lozoya','Madrid','no'),
('AL081','12345758Q','Dolores','Navarro','Alba','dolores.navarro.alba@ucm.com','Calle La Lorija , 104',28006,'Paracuellos de Jarama','Madrid','no'),
('AL082','12345759R','Angel','Nuñez','Puig','angel.Nuñez.puig@ucm.com','Calle La Luna , 171',28006,'Móstoles','Madrid','no'),
('AL083','12345760S','Maria Angeles','Ortega','Cabello','maria.angeles.ortega.cabello@ucm.com','Parque de La Maceta , 69',28051,'Berzosa del Lozoya','Madrid','no'),
('AL084','12345761T','Cristina','Ortiz','Pulido','cristina.ortiz.pulido@ucm.com','Plaza de La Mancha , 135',28014,'Velilla de San Antonio','Madrid','si'),
('AL085','12345762U','Miguel Angel','Perez','Rojo','miguel.angel.perez.rojo@ucm.com','Calle de La Manga , 411',28019,'Ajalvir','Madrid','no'),
('AL086','12345763V','Jose Maria','Ramirez','Navas','jose.maria.ramirez.navas@ucm.com','Calle de La Martina , 56',28053,'Leganés','Madrid','no'),
('AL087','12345764W','Fernando','Ramos','Saiz','fernando.ramos.saiz@ucm.com','Calle de La Maso , 168',28043,'Boadilla del Monte','Madrid','no'),
('AL088','12345765X','Marta','Rodriguez','Soria','marta.rodriguez.soria@ucm.com','Calle La Merced , 84',28010,'Valdepiélagos','Madrid','no'),
('AL089','12345766Y','Luis','Romero','Arenas','luis.romero.arenas@ucm.com','Finca La Montaña , 385',28002,'Lozoyuela-Navas-Sieteiglesias','Madrid','si'),
('AL090','12345767Z','Maria Jose','Rubio','Aguado','maria.jose.rubio.aguado@ucm.com','Glorieta de La Moraleja , 153',28030,'Valverde de Alcalá','Madrid','no'),
('AL091','12345768A','Maria Isabel','Ruiz','Domingo','maria.isabel.ruiz.domingo@ucm.com','Camino de La Muela , 170',28004,'Coslada','Madrid','no'),
('AL092','12345769B','Pablo','Sanchez','Galindo','pablo.sanchez.galindo@ucm.com','Camino de La Muñoza , 279',28038,'Titulcia','Madrid','no'),
('AL093','12345770C','Sergio','Santos','Vallejo','sergio.santos.vallejo@ucm.com','Carretera de La Muñoza , 328',28038,'El Escorial','Madrid','no'),
('AL094','12345771D','Jorge','Sanz','Mena','jorge.sanz.mena@ucm.com','Calle la La Nevera , 278',28031,'Santa María de la Alameda','Madrid','si'),
('AL095','12345772E','Alberto','Serrano','Escribano','alberto.serrano.escribano@ucm.com','Calle de La Palma , 159',28020,'Villamantilla','Madrid','no'),
('AL096','12345773F','Pilar','Suarez','Asensio','pilar.suarez.asensio@ucm.com','Calle La Palma , 354',28029,'Valdetorres de Jarama','Madrid','no'),
('AL097','12345774G','Maria Luisa','Torres','Ramon','maria.luisa.torres.ramon@ucm.com','Calle La Palma , 354',28024,'Valdilecha','Madrid','no'),
('AL098','12345775H','Lucia','Vazquez','Valencia','lucia.vazquez.valencia@ucm.com','Finca La Paloma , 181',28003,'Cercedilla','Madrid','no'),
('AL099','12345776I','Antonio','Gallego De La Sacristana','Lucas','antonio.gallego.de.la.sacristana.lucas@ucm.com','Calle La Pasa , 307',28034,'Villaconejos','Madrid','si'),
('AL100','12345777J','Jose','Boquer','Caro','jose.boquer.caro@ucm.com','Calle La Patata , 261',28032,'Nuevo Baztán','Madrid','no'),
('AL101','12345778K','Maria Carmen','Bonelli','Blanco','maria.carmen.bonelli.blanco@ucm.com','Calle de La Patilla , 209',28033,'Villaviciosa de Odón','Madrid','no'),
('AL102','12345779L','Maria','Sanchez Giron','Cano','maria.sanchez.giron.cano@ucm.com','Calle La Paz , 407',28018,'Serranillos del Valle','Madrid','no'),
('AL103','12345780A','Manuel','Lisart','Castillo','manuel.lisart.castillo@ucm.com','Parque La Paz , 497',28034,'Santa María de la Alameda','Madrid','no'),
('AL104','12345781B','Francisco','Baroni','Castro','francisco.baroni.castro@ucm.com','Parque La Paz , 57',28054,'Galapagar','Madrid','si'),
('AL105','12345782C','Carmen','Perez De Gracia','Cortes','carmen.perez.de.gracia.cortes@ucm.com','Calle La Pedriza , 162',28026,'Ajalvir','Madrid','no'),
('AL106','12345783D','Juan','Maravi','Delgado','juan.maravi.delgado@ucm.com','Calle de La Pícara Molinera , 421',28047,'Puentes Viejas','Madrid','no'),
('AL107','12345784E','David','Ahechu','Diaz','david.ahechu.diaz@ucm.com','Calle de La Poveda , 432',28008,'Valdemaqueda','Madrid','no'),
('AL108','12345785F','Josefa','Ito','Dominguez','josefa.ito.dominguez@ucm.com','Pasaje de La Poveda , 183',28037,'Tielmes','Madrid','no'),
('AL109','12345786G','Jose Antonio','Tsankova','Fernandez','jose.antonio.tsankova.fernandez@ucm.com','Paraje La Poveda y Albanales , 391',28046,'Cercedilla','Madrid','si'),
('AL110','12345787H','Jose Luis','Atrari','Garcia','jose.luis.atrari.garcia@ucm.com','Diseminado La Presa y el Cercado , 372',28020,'Miraflores de la Sierra','Madrid','no'),
('AL111','12345788I','Javier','Sidi Mohamed','Garrido','javier.sidi.mohamed.garrido@ucm.com','Calle de La Provenza , 247',28046,'Cenicientos','Madrid','no'),
('AL112','12345789J','Isabel','El Basri','Gil','isabel.el.basri.gil@ucm.com','Calle de La Pueblanueva , 255',28013,'Ciempozuelos','Madrid','no'),
('AL113','12345790K','Jesus','Lindstrom','Gomez','jesus.lindstrom.gomez@ucm.com','Paraje La Quirana , 341',28050,'Villaviciosa de Odón','Madrid','no'),
('AL114','12345791L','Francisco Javier','Rizzi','Gonzalez','francisco.javier.rizzi.gonzalez@ucm.com','Calle La Rábida , 167',28003,'El Boalo','Madrid','si'),
('AL115','12345792M','Ana Maria','Suleiman','Guerrero','ana.maria.suleiman.guerrero@ucm.com','Calle de La Rábida , 223',28029,'Camarma de Esteruelas','Madrid','no'),
('AL116','12345793N','Carlos','Haase','Gutierrez','carlos.haase.gutierrez@ucm.com','Calle La Raya , 200',28007,'Aldea del Fresno','Madrid','no'),
('AL117','12345794O','Daniel','Logan','Hernandez','daniel.logan.hernandez@ucm.com','Calle de La Reina de África , 472',28004,'Villamanta','Madrid','no'),
('AL118','12345795P','Maria Dolores','Riedel','Iglesias','maria.dolores.riedel.iglesias@ucm.com','Plaza de La Remonta , 259',28044,'Moraleja de Enmedio','Madrid','no'),
('AL119','12345796Q','Maria Pilar','Rohde','Jimenez','maria.pilar.rohde.jimenez@ucm.com','Pasaje de La Remonta , 479',28008,'Parla','Madrid','si'),
('AL120','12345797R','Miguel','Yousef','Lopez','miguel.yousef.lopez@ucm.com','Calle de La Restauración , 302',28013,'El Berrueco','Madrid','no'),
('AL121','12345798S','Maria Teresa','Flanagan','Lozano','maria.teresa.flanagan.lozano@ucm.com','Camino La Retuerta-acceso por Municipio de Buitrago , 285',28029,'Pinto','Madrid','no'),
('AL122','12345799T','Ana','Nejjar','Marin','ana.nejjar.marin@ucm.com','Calle de La Revoltosa , 420',28031,'Perales de Tajuña','Madrid','no'),
('AL123','12345800U','Rafael','Strauss','Martin','rafael.strauss.martin@ucm.com','Plaza La Rinconada , 76',28054,'Titulcia','Madrid','no'),
('AL124','12345801V','Jose Manuel','Taoufik','Martinez','jose.manuel.taoufik.martinez@ucm.com','Calle de La Rioja , 320',28044,'El Molar','Madrid','si'),
('AL125','12345802W','Pedro','Abu','Medina','pedro.abu.medina@ucm.com','Calle de La Rioja , 378',28044,'Manzanares el Real','Madrid','no'),
('AL126','12345803X','Laura','Sheehan','Molina','laura.sheehan.molina@ucm.com','Calle La Rioja , 498',28032,'Redueña','Madrid','no'),
('AL127','12345804Y','Francisca','Benkirane','Morales','francisca.benkirane.morales@ucm.com','Calle de La Rioja , 242',28005,'Fuentidueña de Tajo','Madrid','no'),
('AL128','12345805Z','Antonia','Chait','Moreno','antonia.chait.moreno@ucm.com','Calle de La Rioja , 354',28039,'Villarejo de Salvanés','Madrid','no'),
('AL129','12345806A','Alejandro','Gergely','Muñoz','alejandro.gergely.Muñoz@ucm.com','Calle La Rioja , 112',28050,'Navalagamella','Madrid','si'),
('AL130','12345807B','Dolores','Hendriks','Navarro','dolores.hendriks.navarro@ucm.com','Glorieta de La Rioja , 237',28036,'Guadarrama','Madrid','no'),
('AL131','12345808C','Angel','Osagiede','Nuñez','angel.osagiede.Nuñez@ucm.com','Travesia de La Rioja , 127',28008,'Garganta de los Montes','Madrid','no'),
('AL132','12345809D','Maria Angeles','Tihomirova','Ortega','maria.angeles.tihomirova.ortega@ucm.com','Calle de La Riviera , 475',28047,'Parla','Madrid','no'),
('AL133','12345810E','Cristina','Rahoui','Ortiz','cristina.rahoui.ortiz@ucm.com','Parque La Rivota , 499',28031,'Puentes Viejas','Madrid','no'),
('AL134','12345811F','Miguel Angel','Wilk','Perez','miguel.angel.wilk.perez@ucm.com','Calle de La Robla , 166',28047,'Hoyo de Manzanares','Madrid','si'),
('AL135','12345812G','Jose Maria','Allison','Ramirez','jose.maria.allison.ramirez@ucm.com','Avenida de La Roda , 76',28009,'Titulcia','Madrid','no'),
('AL136','12345813H','Fernando','Drummond','Ramos','fernando.drummond.ramos@ucm.com','Calle La Rosa , 118',28030,'Colmenar Viejo','Madrid','no'),
('AL137','12345814I','Marta','El Mahmoudi','Rodriguez','marta.el.mahmoudi.rodriguez@ucm.com','Calle de La Rosa del Azafrán , 124',28029,'Pozuelo del Rey','Madrid','no'),
('AL138','12345815J','Luis','Marzak','Romero','luis.marzak.romero@ucm.com','Calle de La Salle , 112',28007,'Cervera de Buitrago','Madrid','no'),
('AL139','12345816K','Maria Jose','Benbrahim','Rubio','maria.jose.benbrahim.rubio@ucm.com','Calle de La Serna del Monte , 386',28026,'La Cabrera','Madrid','si'),
('AL140','12345817L','Maria Isabel','Costantini','Ruiz','maria.isabel.costantini.ruiz@ucm.com','Camino de La solana , 265',28003,'Patones','Madrid','no'),
('AL141','12345818A','Pablo','Diakhite','Sanchez','pablo.diakhite.sanchez@ucm.com','Calle de La Tabernera del Puerto , 13',28038,'Algete','Madrid','no'),
('AL142','12345819B','Sergio','Petrenko','Santos','sergio.petrenko.santos@ucm.com','Calle de La Tenería , 153',28009,'Colmenar Viejo','Madrid','no'),
('AL143','12345820C','Jorge','Arnautu','Sanz','jorge.arnautu.sanz@ucm.com','Calle La Tercia , 447',28003,'Navalafuente','Madrid','no'),
('AL144','12345821D','Alberto','Hood','Serrano','alberto.hood.serrano@ucm.com','Calle La Tina , 203',28025,'Humanes de Madrid','Madrid','si'),
('AL145','12345822E','Pilar','Lawton','Suarez','pilar.lawton.suarez@ucm.com','Calle La Torre , 166',28055,'Miraflores de la Sierra','Madrid','no'),
('AL146','12345823F','Maria Luisa','Bakri','Torres','maria.luisa.bakri.torres@ucm.com','Calle La Valeta , 242',28031,'Madrid','Madrid','no'),
('AL147','12345824G','Lucia','Detesan','Vazquez','lucia.detesan.vazquez@ucm.com','Calle La Varga , 79',28044,'Cadalso de los Vidrios','Madrid','no'),
('AL148','12345825H','Antonio','Holder','Vazquez','antonio.holder.vazquez@ucm.com','Calle de La Vega , 250',28053,'Cadalso de los Vidrios','Madrid','no'),
('AL149','12345826I','Jose','Sawyer','Torres','jose.sawyer.torres@ucm.com','Avenida de La Verbena de la Paloma , 275',28030,'Robledo de Chavela','Madrid','si'),
('AL150','12345827J','Maria Carmen','Kocsis','Suarez','maria.carmen.kocsis.suarez@ucm.com','Calle de La Violetera , 25',28034,'Santa María de la Alameda','Madrid','no'),
('AL151','12345828K','Maria','Chelu','Serrano','maria.chelu.serrano@ucm.com','Calle de La Zubia , 402',28046,'Torrejón de la Calzada','Madrid','no'),
('AL152','12345829L','Manuel','Costinas','Sanz','manuel.costinas.sanz@ucm.com','Calle los Labajos , 92',28052,'Cubas de la Sagra','Madrid','no'),
('AL153','12345830M','Francisco','Diakhaby','Santos','francisco.diakhaby.santos@ucm.com','Calle de Labajos , 104',28023,'Villanueva del Pardillo','Madrid','no'),
('AL154','12345831N','Carmen','Fateh','Sanchez','carmen.fateh.sanchez@ucm.com','Camino de los Labajos , 400',28004,'Villanueva de Perales','Madrid','si'),
('AL155','12345832O','Juan','Gaman','Ruiz','juan.gaman.ruiz@ucm.com','Camino de los Labajos , 243',28055,'Buitrago del Lozoya','Madrid','no'),
('AL156','12345833P','David','Ileni','Rubio','david.ileni.rubio@ucm.com','Calle de Labastida , 171',28035,'Villanueva de Perales','Madrid','no'),
('AL157','12345834Q','Josefa','Larion','Romero','josefa.larion.romero@ucm.com','Calle Laberinto , 336',28042,'Villarejo de Salvanés','Madrid','no'),
('AL158','12345835R','Jose Antonio','Marinica','Rodriguez','jose.antonio.marinica.rodriguez@ucm.com','Calle del Laberinto de Amor , 346',28053,'Pinilla del Valle','Madrid','no'),
('AL159','12345836S','Jose Luis','Patras','Ramos','jose.luis.patras.ramos@ucm.com','Plaza del Laberinto , 244',28052,'Aldea del Fresno','Madrid','si'),
('AL160','12345837T','Javier','Simonyan','Ramirez','javier.simonyan.ramirez@ucm.com','Avenida Laboral , 128',28005,'Braojos de la Sierra','Madrid','no'),
('AL161','12345838U','Isabel','Suleman','Perez','isabel.suleman.perez@ucm.com','Calle del Laboratorio , 18',28047,'Olmeda de las Fuentes','Madrid','no'),
('AL162','12345839V','Jesus','Ursaru','Ortiz','jesus.ursaru.ortiz@ucm.com','Carretera del Laboratorio de O.P. , 153',28008,'Los Molinos','Madrid','no'),
('AL163','12345840W','Francisco Javier','Pérez','Ortega','francisco.javier.perez.ortega@ucm.com','Plaza las Labores , 37',28045,'Buitrago del Lozoya','Madrid','no'),
('AL164','12345841X','Ana Maria','Taza','Nuñez','ana.maria.taza.Nuñez@ucm.com','Senda de Labores , 417',28010,'Braojos de la Sierra','Madrid','si'),
('AL165','12345842Y','Carlos','Valdajos','Navarro','carlos.valdajos.navarro@ucm.com','Calle Labrador , 314',28038,'El Atazar','Madrid','no'),
('AL166','12345843Z','Daniel','Conget','Muñoz','daniel.conget.Muñoz@ucm.com','Calle del Labrador , 443',28043,'Aranjuez','Madrid','no'),
('AL167','12345844A','Maria Dolores','Garra','Moreno','maria.dolores.garra.moreno@ucm.com','Calle del Labrador , 442',28052,'Villar del Olmo','Madrid','no'),
('AL168','12345845B','Maria Pilar','Bereciartu','Morales','maria.pilar.bereciartu.morales@ucm.com','Calle del Labrador , 224',28002,'Velilla de San Antonio','Madrid','no'),
('AL169','12345846C','Miguel','Ochandio','Molina','miguel.ochandio.molina@ucm.com','Calle del Labrador , 408',28032,'Soto del Real','Madrid','si'),
('AL170','12345847D','Maria Teresa','Chies','Medina','maria.teresa.chies.medina@ucm.com','Calle Labradora , 146',28006,'Venturada','Madrid','no'),
('AL171','12345848E','Ana','Frochoso','Martinez','ana.frochoso.martinez@ucm.com','Avenida de los Labradores , 272',28048,'Getafe','Madrid','no'),
('AL172','12345849F','Rafael','Griñolo','Martin','rafael.griñolo.martin@ucm.com','Calle Labradores , 103',28046,'Chapinería','Madrid','no'),
('AL173','12345850G','Jose Manuel','Sterling','Marin','jose.manuel.sterling.marin@ucm.com','Calle de los Labradores , 7',28047,'Collado Mediano','Madrid','no'),
('AL174','12345851H','Pedro','Almendrote','Lozano','pedro.almendrote.lozano@ucm.com','Calle Labradores , 160',28048,'Chinchón','Madrid','si'),
('AL175','12345852I','Laura','Arambulo','Lopez','laura.arambulo.lopez@ucm.com','Calle de los Labradores , 229',28000,'Boadilla del Monte','Madrid','no'),
('AL176','12345853J','Francisca','Chenel','Jimenez','francisca.chenel.jimenez@ucm.com','Camino de los Labradores , 380',28044,'Paracuellos de Jarama','Madrid','no'),
('AL177','12345854K','Antonia','De Linares','Iglesias','antonia.de.linares.iglesias@ucm.com','Calle Labrantes , 212',28029,'Torrejón de la Calzada','Madrid','no'),
('AL178','12345855L','Alejandro','Penelo','Hernandez','alejandro.penelo.hernandez@ucm.com','Calle de las Labrantías , 128',28022,'Navalafuente','Madrid','no'),
('AL179','12345856A','Dolores','Cifres','Gutierrez','dolores.cifres.gutierrez@ucm.com','Calle de la Labranza , 82',28028,'Casarrubuelos','Madrid','si'),
('AL180','12345857B','Angel','Des','Guerrero','angel.des.guerrero@ucm.com','Calle de la Labranza , 446',28043,'Alcorcón','Madrid','no'),
('AL181','12345858C','Maria Angeles','Minondo','Gonzalez','maria.angeles.minondo.gonzalez@ucm.com','Paraje la Labranza , 307',28038,'Lozoyuela-Navas-Sieteiglesias','Madrid','no'),
('AL182','12345859D','Cristina','Diaz Llanos','Gomez','cristina.diaz.llanos.gomez@ucm.com','Calle Lacal , 383',28017,'Rozas de Puerto Real','Madrid','no'),
('AL183','12345860E','Miguel Angel','Joaquim','Gil','miguel.angel.joaquim.gil@ucm.com','Calle Laccourreye , 50',28027,'Pozuelo de Alarcón','Madrid','no'),
('AL184','12345861F','Jose Maria','Valimaña','Garrido','jose.maria.valimaña.garrido@ucm.com','Calle de Lacedón , 330',28002,'Alcorcón','Madrid','si'),
('AL185','12345862G','Fernando','Faulin','Garcia','fernando.faulin.garcia@ucm.com','Calle Lacedón , 129',28034,'Valdeavero','Madrid','no'),
('AL186','12345863H','Marta','Auchel','Fernandez','marta.auchel.fernandez@ucm.com','Calle de Lacoma , 369',28014,'El Atazar','Madrid','no'),
('AL187','12345864I','Luis','Noll','Dominguez','luis.noll.dominguez@ucm.com','Calle de la Ladera , 112',28026,'Carabaña','Madrid','no'),
('AL188','12345865J','Maria Jose','Juela','Diaz','maria.jose.juela.diaz@ucm.com','Calle de la Ladera , 68',28029,'Pedrezuela','Madrid','no'),
('AL189','12345866K','Maria Isabel','Marcalla','Delgado','maria.isabel.marcalla.delgado@ucm.com','Calle de la Ladera , 142',28012,'Colmenar Viejo','Madrid','si'),
('AL190','12345867L','Pablo','Aldaiturriaga','Cortes','pablo.aldaiturriaga.cortes@ucm.com','Calle de la Ladera , 23',28013,'Somosierra','Madrid','no'),
('AL191','12345868M','Sergio','Otiniano','Castro','sergio.otiniano.castro@ucm.com','Calle Ladera , 423',28028,'Redueña','Madrid','no'),
('AL192','12345869N','Jorge','Pomedio','Castillo','jorge.pomedio.castillo@ucm.com','Calle de la Ladera , 78',28054,'Parla','Madrid','no'),
('AL193','12345870O','Alberto','Martin Crespo','Cano','alberto.martin.crespo.cano@ucm.com','Calle Ladera Cerro , 162',28029,'Titulcia','Madrid','no'),
('AL194','12345871P','Pilar','Gilda','Blanco','pilar.gilda.blanco@ucm.com','Camino de la Ladera , 87',28046,'Pinilla del Valle','Madrid','si'),
('AL195','12345872Q','Maria Luisa','Tillaguango','Alvarez','maria.luisa.tillaguango.alvarez@ucm.com','Camino de la Ladera , 160',28018,'El Berrueco','Madrid','no'),
('AL196','12345873R','Lucia','Flamenco','Alonso','lucia.flamenco.alonso@ucm.com','Cañada de la Ladera , 485',28030,'Garganta de los Montes','Madrid','no'),
('AL197','12345874S','Fernando','Gironell','Pomedio','fernando.gironell.pomedio@ucm.com','Calle Ladera Cordeles , 105',28024,'Gascones','Madrid','no'),
('AL198','12345875T','Marta','Vasques','Martin Crespo','marta.vasques.martin.crespo@ucm.com','Calle Ladera de las Suertes , 473',28020,'San Fernando de Henares','Madrid','no'),
('AL199','12345876U','Luis','Vazquez De La Torre','Gilda','luis.vazquez.de.la.torre.gilda@ucm.com','Finca Ladera de las Suertes , 442',28024,'Pinilla del Valle','Madrid','si');
/*!40000 ALTER TABLE `alumno` ENABLE KEYS */;
UNLOCK TABLES;
COMMIT;
SET AUTOCOMMIT=@OLD_AUTOCOMMIT;

--
-- Table structure for table `asignatura`
--

DROP TABLE IF EXISTS `asignatura`;
/*!40101 SET @saved_cs_client     = @@character_set_client */;
/*!40101 SET character_set_client = utf8mb4 */;
CREATE TABLE `asignatura` (
  `curso` decimal(2,0) NOT NULL,
  `idAsignatura` char(5) NOT NULL,
  `nombre` varchar(150) DEFAULT NULL,
  `cuatrimestre` enum('1','2') DEFAULT NULL,
  `creditos` double NOT NULL,
  `caracter` enum('obligatoria','optativa') NOT NULL,
  `coordinador` char(5) NOT NULL,
  PRIMARY KEY (`idAsignatura`),
  UNIQUE KEY `nombre` (`nombre`),
  KEY `curso` (`curso`),
  KEY `coordinador` (`coordinador`),
  CONSTRAINT `1` FOREIGN KEY (`curso`) REFERENCES `curso` (`idCurso`),
  CONSTRAINT `2` FOREIGN KEY (`coordinador`) REFERENCES `profesor` (`idProfesor`)
) ENGINE=InnoDB DEFAULT CHARSET=utf8mb4 COLLATE=utf8mb4_unicode_ci;
/*!40101 SET character_set_client = @saved_cs_client */;

--
-- Dumping data for table `asignatura`
--

SET @OLD_AUTOCOMMIT=@@AUTOCOMMIT, @@AUTOCOMMIT=0;
LOCK TABLES `asignatura` WRITE;
/*!40000 ALTER TABLE `asignatura` DISABLE KEYS */;
INSERT INTO `asignatura` VALUES
(1,'AS001','Algebra lineal','2',6,'obligatoria','PR001'),
(1,'AS002','Análisis exploratorio de datos','1',6,'obligatoria','PR002'),
(1,'AS003','Análisis matemático','1',6,'obligatoria','PR003'),
(1,'AS004','Fundamentos de computadores y sistemas operativos','2',6,'obligatoria','PR004'),
(1,'AS005','Fundamentos de organización de empresas','1',6,'obligatoria','PR005'),
(1,'AS006','Fundamentos de programación','1',6,'obligatoria','PR004'),
(1,'AS007','Matemáticas discretas','1',6,'obligatoria','PR003'),
(1,'AS008','Modelos estadísticos para la toma de decisiones I','2',6,'obligatoria','PR008'),
(1,'AS009','Programación','2',6,'obligatoria','PR004'),
(1,'AS010','Proyecto I. Comprensión de datos','2',6,'obligatoria','PR002'),
(2,'AS011','Adquisición y transmisión de datos','1',6,'obligatoria','PR004'),
(2,'AS012','Bases de datos','1',6,'obligatoria','PR002'),
(2,'AS013','Comportamiento económico y social','1',6,'obligatoria','PR006'),
(2,'AS014','Estructuras de datos','1',6,'obligatoria','PR002'),
(2,'AS015','Gestión de datos','2',6,'obligatoria','PR002'),
(2,'AS016','Modelado discreto y teoría de la información','2',6,'obligatoria','PR007'),
(2,'AS017','Modelos descriptivos y predictivos I','2',6,'obligatoria','PR008'),
(2,'AS018','Modelos estadísticos para la toma de decisiones II','1',6,'obligatoria','PR008'),
(2,'AS019','Proyecto II. Integración y preparación de datos','2',6,'obligatoria','PR009'),
(2,'AS020','Seguridad de los datos','2',6,'obligatoria','PR004'),
(3,'AS021','Algorítmica','2',6,'obligatoria','PR001'),
(3,'AS022','Economía digital','1',6,'obligatoria','PR006'),
(3,'AS023','Evaluación','2',6,'obligatoria','PR007'),
(3,'AS024','Infraestrutura para el procesamiento de datos','1',6,'obligatoria','PR009'),
(3,'AS025','Lenguaje natural y recuperación de la información','2',6,'obligatoria','PR009'),
(3,'AS026','Modelado y simulación continuos','2',6,'obligatoria','PR010'),
(3,'AS027','Modelos descriptivos y predictivos II','1',6,'obligatoria','PR008'),
(3,'AS028','Proyecto III. Analisis de datos','2',6,'obligatoria','PR010'),
(3,'AS029','Representación del conocimiento y razonamiento','1',6,'obligatoria','PR011'),
(3,'AS030','Visualización','1',6,'obligatoria','PR010'),
(4,'AS031','Gestión de proyectos','1',5,'obligatoria','PR005'),
(4,'AS032','Marco profesional','1',5,'obligatoria','PR006'),
(4,'AS033','Optimización','1',6,'obligatoria','PR015'),
(4,'AS034','Técnicas escalables en aprendizaje automático','1',6,'obligatoria','PR024'),
(4,'AS035','Trabajo Fin de Grado','2',12,'obligatoria','PR036'),
(4,'AS036','Alemán académico y profesional A1','1',5,'optativa','PR020'),
(4,'AS037','Alemán académico y profesional A2','2',5,'optativa','PR020'),
(4,'AS038','Alemán académico y profesional B1','1',5,'optativa','PR020'),
(4,'AS039','Alemán académico y profesional B2','2',5,'optativa','PR020'),
(4,'AS040','Análisis de datos en entornos industriales','1',5,'optativa','PR002'),
(4,'AS041','Análisis de imágenes y vídeos','1',5,'optativa','PR021'),
(4,'AS042','Análisis de mercados y aplicaciones financieras','1',5,'optativa','PR005'),
(4,'AS043','Análisis de redes sociales','1',5,'optativa','PR002'),
(4,'AS044','Analítica de datos en educació','1',5,'optativa','PR002'),
(4,'AS045','Analítica de datos en seguridad','1',5,'optativa','PR002'),
(4,'AS046','Bases de datos avanzadas y distribuidas','1',5,'optativa','PR016'),
(4,'AS047','Biomedical data science','1',5,'optativa','PR026'),
(4,'AS048','Business Analytics','2',5,'optativa','PR005'),
(4,'AS049','Cibermetría','2',5,'optativa','PR004'),
(4,'AS050','Estructuas de datos y algoritmos escalables','2',5,'optativa','PR002'),
(4,'AS051','Français scientifique et technique - B1','1',5,'optativa','PR027'),
(4,'AS052','Francés académico y profesional A1','1',5,'optativa','PR027'),
(4,'AS053','Francés académico y profesional A2','2',5,'optativa','PR027'),
(4,'AS054','Frances académico y profesional B1','1',5,'optativa','PR027'),
(4,'AS055','Frances académico y profesional B2','2',5,'optativa','PR027'),
(4,'AS056','Gestion clínica y de servicios de salud','2',5,'optativa','PR011'),
(4,'AS057','Gestión de datos científicos en salud','2',5,'optativa','PR015'),
(4,'AS058','Gestión de datos en logística y cadenas de suministro','2',5,'optativa','PR002'),
(4,'AS059','Inglés B2','1',5,'optativa','PR030'),
(4,'AS060','Intercambio Académico I','1',3,'optativa','PR031'),
(4,'AS061','Intercambio Académico II','1',3,'optativa','PR031'),
(4,'AS062','Intercambio Académico III','2',3,'optativa','PR031'),
(4,'AS063','Intercambio Académico IV','2',3,'optativa','PR031'),
(4,'AS064','Intercambio Académico V','2',3,'optativa','PR031'),
(4,'AS065','Intercambio Académico VI','1',5,'optativa','PR031'),
(4,'AS066','Intercambio Académico VII','1',5,'optativa','PR031'),
(4,'AS067','Intercambio Académico VIII','2',5,'optativa','PR031'),
(4,'AS068','Intercambio Académico IX','2',5,'optativa','PR031'),
(4,'AS069','Intercambio Académico X','1',6,'optativa','PR031'),
(4,'AS070','Intercambio Académico XI','2',6,'optativa','PR031'),
(4,'AS071','Italiano académico y profesional A1','1',5,'optativa','PR029'),
(4,'AS072','Marketing','2',5,'optativa','PR005'),
(4,'AS073','Modelos de programación para computación de datos','2',5,'optativa','PR004'),
(4,'AS074','Procesamiento y análisis de biosecuencias','2',5,'optativa','PR025'),
(4,'AS075','Programación para Internet de las Cosas (IoT)','2',5,'optativa','PR004'),
(4,'AS076','Sistemas de información empresarial','2',5,'optativa','PR005'),
(4,'AS077','Sistemas inteligentes de transporte','2',5,'optativa','PR006'),
(4,'AS078','Técnicas de previsión','2',5,'optativa','PR006'),
(4,'AS079','Tratamiento de datos geoespaciales','2',5,'optativa','PR002'),
(4,'AS080','Tratamiento de la infromación en IoT','2',5,'optativa','PR033'),
(4,'AS081','Visualización interactiva','2',5,'optativa','PR015'),
(4,'AS082','Inglés C1','1',5,'optativa','PR034'),
(4,'AS083','Inglés C2','2',5,'optativa','PR034'),
(5,'AS084','Fundamentos de tratamiento de datos para Data Science','1',6,'obligatoria','PR002'),
(5,'AS085','Modelos y aprendizaje estadístico','1',6,'obligatoria','PR008'),
(5,'AS086','Aprendizaje automático aplicado (Machine Learning)','1',6,'obligatoria','PR036'),
(5,'AS087','Minería de texto y procesamiento del lenguaje natural (PNL)','1',6,'obligatoria','PR036'),
(5,'AS088','Inteligencia de negocio y visualización','1',6,'obligatoria','PR036'),
(5,'AS089','Infraestructura Big Data','2',6,'obligatoria','PR036'),
(5,'AS090','Almacenamiento e integración de datos','2',6,'obligatoria','PR022'),
(5,'AS091','Valor y contexto de la analítica big data','2',6,'obligatoria','PR022'),
(5,'AS092','Aplicaciones analíticas. Casos Practicos','2',6,'obligatoria','PR022'),
(5,'AS093','Trabajo Fin de Master','2',6,'obligatoria','PR010'),
(5,'AS094','Curso de metodologías ágiles','2',6,'optativa','PR010'),
(6,'AS095','Técnicas y metodología de la minería de datos (SEMMA)','1',0,'optativa','PR002'),
(6,'AS096','Gestión y explotación de almacenes de datos','1',0,'optativa','PR002'),
(6,'AS097','Redes neuronales y algoritmos genéticos','1',0,'optativa','PR037'),
(6,'AS098','Gestión de relaciones con el cliente CRM','2',0,'optativa','PR005'),
(6,'AS099','Inteligencia de negocio y cuadro de mando integral','2',0,'optativa','PR005'),
(6,'AS100','Modelos de decisión en marketing','2',0,'optativa','PR005');
/*!40000 ALTER TABLE `asignatura` ENABLE KEYS */;
UNLOCK TABLES;
COMMIT;
SET AUTOCOMMIT=@OLD_AUTOCOMMIT;

--
-- Table structure for table `curso`
--

DROP TABLE IF EXISTS `curso`;
/*!40101 SET @saved_cs_client     = @@character_set_client */;
/*!40101 SET character_set_client = utf8mb4 */;
CREATE TABLE `curso` (
  `idCurso` decimal(2,0) NOT NULL,
  `nombreDescriptivo` tinytext NOT NULL,
  `nAsignaturas` decimal(3,0) NOT NULL,
  PRIMARY KEY (`idCurso`)
) ENGINE=InnoDB DEFAULT CHARSET=utf8mb4 COLLATE=utf8mb4_unicode_ci;
/*!40101 SET character_set_client = @saved_cs_client */;

--
-- Dumping data for table `curso`
--

SET @OLD_AUTOCOMMIT=@@AUTOCOMMIT, @@AUTOCOMMIT=0;
LOCK TABLES `curso` WRITE;
/*!40000 ALTER TABLE `curso` DISABLE KEYS */;
INSERT INTO `curso` VALUES
(1,'Primero',10),
(2,'Segundo',10),
(3,'Terceo',10),
(4,'Cuarto',53),
(5,'Master',11),
(6,'Doctorado',6);
/*!40000 ALTER TABLE `curso` ENABLE KEYS */;
UNLOCK TABLES;
COMMIT;
SET AUTOCOMMIT=@OLD_AUTOCOMMIT;

--
-- Table structure for table `impartir`
--

DROP TABLE IF EXISTS `impartir`;
/*!40101 SET @saved_cs_client     = @@character_set_client */;
/*!40101 SET character_set_client = utf8mb4 */;
CREATE TABLE `impartir` (
  `idProfesor` char(5) NOT NULL,
  `idAsignatura` char(5) NOT NULL,
  KEY `idProfesor` (`idProfesor`),
  KEY `idAsignatura` (`idAsignatura`),
  CONSTRAINT `1` FOREIGN KEY (`idProfesor`) REFERENCES `profesor` (`idProfesor`),
  CONSTRAINT `2` FOREIGN KEY (`idAsignatura`) REFERENCES `asignatura` (`idAsignatura`)
) ENGINE=InnoDB DEFAULT CHARSET=utf8mb4 COLLATE=utf8mb4_unicode_ci;
/*!40101 SET character_set_client = @saved_cs_client */;

--
-- Dumping data for table `impartir`
--

SET @OLD_AUTOCOMMIT=@@AUTOCOMMIT, @@AUTOCOMMIT=0;
LOCK TABLES `impartir` WRITE;
/*!40000 ALTER TABLE `impartir` DISABLE KEYS */;
INSERT INTO `impartir` VALUES
('PR001','AS001'),
('PR029','AS001'),
('PR008','AS001'),
('PR002','AS002'),
('PR033','AS002'),
('PR046','AS002'),
('PR003','AS003'),
('PR002','AS003'),
('PR026','AS003'),
('PR004','AS004'),
('PR014','AS004'),
('PR003','AS004'),
('PR005','AS005'),
('PR035','AS005'),
('PR046','AS005'),
('PR004','AS006'),
('PR014','AS006'),
('PR002','AS006'),
('PR003','AS007'),
('PR011','AS007'),
('PR021','AS007'),
('PR008','AS008'),
('PR048','AS008'),
('PR013','AS008'),
('PR004','AS009'),
('PR020','AS009'),
('PR001','AS009'),
('PR002','AS010'),
('PR024','AS010'),
('PR025','AS010'),
('PR004','AS011'),
('PR010','AS011'),
('PR029','AS011'),
('PR002','AS012'),
('PR009','AS012'),
('PR026','AS012'),
('PR006','AS013'),
('PR020','AS013'),
('PR014','AS013'),
('PR002','AS014'),
('PR024','AS014'),
('PR021','AS014'),
('PR002','AS015'),
('PR004','AS015'),
('PR001','AS015'),
('PR007','AS016'),
('PR016','AS016'),
('PR041','AS016'),
('PR008','AS017'),
('PR026','AS017'),
('PR044','AS017'),
('PR008','AS018'),
('PR022','AS018'),
('PR033','AS018'),
('PR009','AS019'),
('PR034','AS019'),
('PR002','AS019'),
('PR004','AS020'),
('PR027','AS020'),
('PR022','AS020'),
('PR001','AS021'),
('PR048','AS021'),
('PR026','AS021'),
('PR006','AS022'),
('PR011','AS022'),
('PR006','AS022'),
('PR007','AS023'),
('PR008','AS023'),
('PR044','AS023'),
('PR009','AS024'),
('PR041','AS024'),
('PR041','AS024'),
('PR009','AS025'),
('PR018','AS025'),
('PR017','AS025'),
('PR010','AS026'),
('PR015','AS026'),
('PR012','AS026'),
('PR008','AS027'),
('PR023','AS027'),
('PR005','AS027'),
('PR010','AS028'),
('PR005','AS028'),
('PR002','AS028'),
('PR011','AS029'),
('PR014','AS029'),
('PR024','AS029'),
('PR010','AS030'),
('PR010','AS030'),
('PR030','AS030'),
('PR005','AS031'),
('PR037','AS031'),
('PR024','AS031'),
('PR006','AS032'),
('PR003','AS032'),
('PR039','AS032'),
('PR015','AS033'),
('PR045','AS033'),
('PR015','AS033'),
('PR024','AS034'),
('PR011','AS034'),
('PR001','AS034'),
('PR036','AS035'),
('PR008','AS035'),
('PR042','AS035'),
('PR020','AS036'),
('PR041','AS036'),
('PR022','AS036'),
('PR020','AS037'),
('PR020','AS037'),
('PR016','AS037'),
('PR020','AS038'),
('PR040','AS038'),
('PR019','AS038'),
('PR020','AS039'),
('PR020','AS039'),
('PR038','AS039'),
('PR002','AS040'),
('PR003','AS040'),
('PR010','AS040'),
('PR021','AS041'),
('PR023','AS041'),
('PR012','AS041'),
('PR005','AS042'),
('PR034','AS042'),
('PR017','AS042'),
('PR002','AS043'),
('PR014','AS043'),
('PR024','AS043'),
('PR002','AS044'),
('PR007','AS044'),
('PR011','AS044'),
('PR002','AS045'),
('PR047','AS045'),
('PR006','AS045'),
('PR016','AS046'),
('PR014','AS046'),
('PR014','AS046'),
('PR026','AS047'),
('PR036','AS047'),
('PR029','AS047'),
('PR005','AS048'),
('PR021','AS048'),
('PR037','AS048'),
('PR004','AS049'),
('PR040','AS049'),
('PR040','AS049'),
('PR002','AS050'),
('PR025','AS050'),
('PR043','AS050'),
('PR027','AS051'),
('PR024','AS051'),
('PR042','AS051'),
('PR027','AS052'),
('PR029','AS052'),
('PR039','AS052'),
('PR027','AS053'),
('PR044','AS053'),
('PR047','AS053'),
('PR027','AS054'),
('PR021','AS054'),
('PR028','AS054'),
('PR027','AS055'),
('PR029','AS055'),
('PR044','AS055'),
('PR011','AS056'),
('PR038','AS056'),
('PR043','AS056'),
('PR015','AS057'),
('PR020','AS057'),
('PR024','AS057'),
('PR002','AS058'),
('PR006','AS058'),
('PR039','AS058'),
('PR030','AS059'),
('PR022','AS059'),
('PR046','AS059'),
('PR031','AS060'),
('PR037','AS060'),
('PR005','AS060'),
('PR031','AS061'),
('PR028','AS061'),
('PR042','AS061'),
('PR031','AS062'),
('PR025','AS062'),
('PR047','AS062'),
('PR031','AS063'),
('PR042','AS063'),
('PR039','AS063'),
('PR031','AS064'),
('PR002','AS064'),
('PR002','AS064'),
('PR031','AS065'),
('PR006','AS065'),
('PR024','AS065'),
('PR031','AS066'),
('PR018','AS066'),
('PR038','AS066'),
('PR031','AS067'),
('PR048','AS067'),
('PR019','AS067'),
('PR031','AS068'),
('PR027','AS068'),
('PR029','AS068'),
('PR031','AS069'),
('PR038','AS069'),
('PR035','AS069'),
('PR031','AS070'),
('PR048','AS070'),
('PR020','AS070'),
('PR029','AS071'),
('PR041','AS071'),
('PR046','AS071'),
('PR005','AS072'),
('PR038','AS072'),
('PR035','AS072'),
('PR004','AS073'),
('PR023','AS073'),
('PR045','AS073'),
('PR025','AS074'),
('PR019','AS074'),
('PR010','AS074'),
('PR004','AS075'),
('PR028','AS075'),
('PR047','AS075'),
('PR005','AS076'),
('PR039','AS076'),
('PR010','AS076'),
('PR006','AS077'),
('PR004','AS077'),
('PR046','AS077'),
('PR006','AS078'),
('PR036','AS078'),
('PR020','AS078'),
('PR002','AS079'),
('PR031','AS079'),
('PR019','AS079'),
('PR033','AS080'),
('PR046','AS080'),
('PR019','AS080'),
('PR015','AS081'),
('PR045','AS081'),
('PR041','AS081'),
('PR034','AS082'),
('PR038','AS082'),
('PR023','AS082'),
('PR034','AS083'),
('PR023','AS083'),
('PR047','AS083'),
('PR002','AS084'),
('PR034','AS084'),
('PR011','AS084'),
('PR008','AS085'),
('PR008','AS085'),
('PR021','AS085'),
('PR036','AS086'),
('PR002','AS086'),
('PR038','AS086'),
('PR036','AS087'),
('PR001','AS087'),
('PR002','AS087'),
('PR036','AS088'),
('PR013','AS088'),
('PR028','AS088'),
('PR036','AS089'),
('PR004','AS089'),
('PR007','AS089'),
('PR022','AS090'),
('PR005','AS090'),
('PR035','AS090'),
('PR022','AS091'),
('PR038','AS091'),
('PR009','AS091'),
('PR022','AS092'),
('PR021','AS092'),
('PR022','AS092'),
('PR010','AS093'),
('PR040','AS093'),
('PR022','AS093'),
('PR010','AS094'),
('PR039','AS094'),
('PR028','AS094'),
('PR002','AS095'),
('PR029','AS095'),
('PR009','AS095'),
('PR002','AS096'),
('PR041','AS096'),
('PR045','AS096'),
('PR037','AS097'),
('PR036','AS097'),
('PR013','AS097'),
('PR005','AS098'),
('PR040','AS098'),
('PR014','AS098'),
('PR005','AS099'),
('PR044','AS099'),
('PR019','AS099'),
('PR005','AS100'),
('PR021','AS100'),
('PR026','AS100');
/*!40000 ALTER TABLE `impartir` ENABLE KEYS */;
UNLOCK TABLES;
COMMIT;
SET AUTOCOMMIT=@OLD_AUTOCOMMIT;

--
-- Table structure for table `matricula`
--

DROP TABLE IF EXISTS `matricula`;
/*!40101 SET @saved_cs_client     = @@character_set_client */;
/*!40101 SET character_set_client = utf8mb4 */;
CREATE TABLE `matricula` (
  `idAlumno` char(5) NOT NULL,
  `idAsignatura` char(5) NOT NULL,
  `nota` double NOT NULL,
  KEY `idAlumno` (`idAlumno`),
  KEY `idAsignatura` (`idAsignatura`),
  CONSTRAINT `1` FOREIGN KEY (`idAlumno`) REFERENCES `alumno` (`idAlumno`),
  CONSTRAINT `2` FOREIGN KEY (`idAsignatura`) REFERENCES `asignatura` (`idAsignatura`),
  CONSTRAINT `CONSTRAINT_1` CHECK (`nota` > 0)
) ENGINE=InnoDB DEFAULT CHARSET=utf8mb4 COLLATE=utf8mb4_unicode_ci;
/*!40101 SET character_set_client = @saved_cs_client */;

--
-- Dumping data for table `matricula`
--

SET @OLD_AUTOCOMMIT=@@AUTOCOMMIT, @@AUTOCOMMIT=0;
LOCK TABLES `matricula` WRITE;
/*!40000 ALTER TABLE `matricula` DISABLE KEYS */;
INSERT INTO `matricula` VALUES
('AL003','AS001',6.99),
('AL003','AS002',9.71),
('AL003','AS003',10),
('AL003','AS004',8.89),
('AL003','AS005',8.49),
('AL003','AS006',8.74),
('AL003','AS007',5.69),
('AL003','AS008',6.91),
('AL003','AS009',2.31),
('AL003','AS010',9.47),
('AL017','AS001',2.97),
('AL017','AS002',4.28),
('AL017','AS003',7.69),
('AL017','AS004',7.23),
('AL017','AS005',5.07),
('AL017','AS006',6.82),
('AL017','AS007',1.22),
('AL017','AS008',2.32),
('AL017','AS009',5.82),
('AL017','AS010',3.39),
('AL019','AS001',2.93),
('AL019','AS002',9.49),
('AL019','AS003',8.77),
('AL019','AS004',5.11),
('AL019','AS005',4.97),
('AL019','AS006',9.82),
('AL019','AS007',1.14),
('AL019','AS008',1.12),
('AL019','AS009',4.73),
('AL019','AS010',1.48),
('AL045','AS001',5.84),
('AL045','AS002',2.24),
('AL045','AS003',7.42),
('AL045','AS004',3.76),
('AL045','AS005',6.41),
('AL045','AS006',8.43),
('AL045','AS007',10),
('AL045','AS008',10),
('AL045','AS009',1.22),
('AL045','AS010',7.47),
('AL052','AS001',3.56),
('AL052','AS002',7.23),
('AL052','AS003',3.83),
('AL052','AS004',2.43),
('AL052','AS005',7.68),
('AL052','AS006',1.01),
('AL052','AS007',3.63),
('AL052','AS008',6.26),
('AL052','AS009',10),
('AL052','AS010',7.67),
('AL058','AS001',8.84),
('AL058','AS002',1.66),
('AL058','AS003',7.07),
('AL058','AS004',10),
('AL058','AS005',8.71),
('AL058','AS006',5.32),
('AL058','AS007',1.46),
('AL058','AS008',7.02),
('AL058','AS009',3.75),
('AL058','AS010',5.83),
('AL069','AS001',10),
('AL069','AS002',6.95),
('AL069','AS003',9.83),
('AL069','AS004',9.35),
('AL069','AS005',8.93),
('AL069','AS006',1.59),
('AL069','AS007',7.99),
('AL069','AS008',6.51),
('AL069','AS009',2.58),
('AL069','AS010',2.78),
('AL076','AS001',7.56),
('AL076','AS002',7.51),
('AL076','AS003',8.63),
('AL076','AS004',8.88),
('AL076','AS005',6.78),
('AL076','AS006',5.01),
('AL076','AS007',9.19),
('AL076','AS008',3.53),
('AL076','AS009',10),
('AL076','AS010',8.99),
('AL081','AS001',7.21),
('AL081','AS002',3.09),
('AL081','AS003',9.84),
('AL081','AS004',5.52),
('AL081','AS005',1.46),
('AL081','AS006',4.09),
('AL081','AS007',9.87),
('AL081','AS008',10),
('AL081','AS009',6.24),
('AL081','AS010',8.89),
('AL090','AS001',8.12),
('AL090','AS002',6.86),
('AL090','AS003',1.85),
('AL090','AS004',4.43),
('AL090','AS005',1.44),
('AL090','AS006',1.49),
('AL090','AS007',6.58),
('AL090','AS008',3.36),
('AL090','AS009',7.52),
('AL090','AS010',2.32),
('AL092','AS001',7.99),
('AL092','AS002',2.12),
('AL092','AS003',6.15),
('AL092','AS004',9.99),
('AL092','AS005',3.54),
('AL092','AS006',4.83),
('AL092','AS007',1.46),
('AL092','AS008',6.88),
('AL092','AS009',6.22),
('AL092','AS010',2.29),
('AL103','AS001',7.88),
('AL103','AS002',5.39),
('AL103','AS003',7.17),
('AL103','AS004',7.62),
('AL103','AS005',3.25),
('AL103','AS006',7.91),
('AL103','AS007',3.72),
('AL103','AS008',2.22),
('AL103','AS009',6.77),
('AL103','AS010',8.06),
('AL104','AS001',7.28),
('AL104','AS002',1.76),
('AL104','AS003',8.54),
('AL104','AS004',6.74),
('AL104','AS005',6.76),
('AL104','AS006',4.18),
('AL104','AS007',1.46),
('AL104','AS008',4.13),
('AL104','AS009',2.95),
('AL104','AS010',10),
('AL108','AS001',1.02),
('AL108','AS002',3.47),
('AL108','AS003',2.83),
('AL108','AS004',5.09),
('AL108','AS005',1.94),
('AL108','AS006',2.28),
('AL108','AS007',7.63),
('AL108','AS008',6.25),
('AL108','AS009',1.47),
('AL108','AS010',10),
('AL118','AS001',5.45),
('AL118','AS002',5.91),
('AL118','AS003',3.29),
('AL118','AS004',8.89),
('AL118','AS005',8.03),
('AL118','AS006',2.45),
('AL118','AS007',10),
('AL118','AS008',9.37),
('AL118','AS009',7.63),
('AL118','AS010',7.08),
('AL132','AS001',6.93),
('AL132','AS002',8.83),
('AL132','AS003',6.51),
('AL132','AS004',8.31),
('AL132','AS005',3.37),
('AL132','AS006',6.65),
('AL132','AS007',6.25),
('AL132','AS008',4.54),
('AL132','AS009',8.88),
('AL132','AS010',2.29),
('AL138','AS001',1.78),
('AL138','AS002',6.12),
('AL138','AS003',6.95),
('AL138','AS004',8.63),
('AL138','AS005',1.38),
('AL138','AS006',4.67),
('AL138','AS007',10),
('AL138','AS008',7.01),
('AL138','AS009',8.86),
('AL138','AS010',5.75),
('AL142','AS001',3.65),
('AL142','AS002',9.84),
('AL142','AS003',10),
('AL142','AS004',1.46),
('AL142','AS005',7.31),
('AL142','AS006',3.72),
('AL142','AS007',1.71),
('AL142','AS008',2.96),
('AL142','AS009',2.01),
('AL142','AS010',5.49),
('AL147','AS001',1.28),
('AL147','AS002',3.81),
('AL147','AS003',7.32),
('AL147','AS004',10),
('AL147','AS005',2.56),
('AL147','AS006',4.52),
('AL147','AS007',9.48),
('AL147','AS008',2.87),
('AL147','AS009',3.47),
('AL147','AS010',5.99),
('AL165','AS001',3.89),
('AL165','AS002',2.14),
('AL165','AS003',1.76),
('AL165','AS004',1.79),
('AL165','AS005',10),
('AL165','AS006',4.95),
('AL165','AS007',4.81),
('AL165','AS008',8.36),
('AL165','AS009',3.62),
('AL165','AS010',3.24),
('AL187','AS001',8.49),
('AL187','AS002',5.53),
('AL187','AS003',2.32),
('AL187','AS004',6.19),
('AL187','AS005',7.19),
('AL187','AS006',8.71),
('AL187','AS007',1.18),
('AL187','AS008',5.37),
('AL187','AS009',3.33),
('AL187','AS010',3.51),
('AL189','AS001',6.54),
('AL189','AS002',7.06),
('AL189','AS003',7.67),
('AL189','AS004',4.41),
('AL189','AS005',1.27),
('AL189','AS006',9.19),
('AL189','AS007',2.88),
('AL189','AS008',3.07),
('AL189','AS009',2.99),
('AL189','AS010',6.38),
('AL194','AS001',3.27),
('AL194','AS002',4.34),
('AL194','AS003',1.26),
('AL194','AS004',3.42),
('AL194','AS005',1.72),
('AL194','AS006',1.46),
('AL194','AS007',2.94),
('AL194','AS008',9.34),
('AL194','AS009',8.87),
('AL194','AS010',5.98),
('AL007','AS011',2.16),
('AL007','AS012',4.21),
('AL007','AS013',9.42),
('AL007','AS014',10),
('AL007','AS015',9.11),
('AL007','AS016',9.83),
('AL007','AS017',6.95),
('AL007','AS018',9.67),
('AL007','AS019',8.42),
('AL007','AS020',9.15),
('AL010','AS011',9.68),
('AL010','AS012',5.57),
('AL010','AS013',3.31),
('AL010','AS014',1.86),
('AL010','AS015',3.47),
('AL010','AS016',8.38),
('AL010','AS017',10),
('AL010','AS018',5.67),
('AL010','AS019',6.02),
('AL010','AS020',2.07),
('AL011','AS011',9.81),
('AL011','AS012',1.54),
('AL011','AS013',9.76),
('AL011','AS014',6.32),
('AL011','AS015',5.64),
('AL011','AS016',1.07),
('AL011','AS017',3.63),
('AL011','AS018',9.08),
('AL011','AS019',5.45),
('AL011','AS020',8.06),
('AL025','AS011',2.26),
('AL025','AS012',3.69),
('AL025','AS013',7.39),
('AL025','AS014',2.45),
('AL025','AS015',2.34),
('AL025','AS016',8.68),
('AL025','AS017',1.81),
('AL025','AS018',5.31),
('AL025','AS019',7.62),
('AL025','AS020',6.67),
('AL027','AS011',1.39),
('AL027','AS012',4.26),
('AL027','AS013',8.43),
('AL027','AS014',9.12),
('AL027','AS015',2.07),
('AL027','AS016',6.57),
('AL027','AS017',3.02),
('AL027','AS018',7.38),
('AL027','AS019',10),
('AL027','AS020',10),
('AL030','AS011',7.97),
('AL030','AS012',7.51),
('AL030','AS013',3.49),
('AL030','AS014',1.52),
('AL030','AS015',6.47),
('AL030','AS016',2.18),
('AL030','AS017',8.23),
('AL030','AS018',5.86),
('AL030','AS019',9.22),
('AL030','AS020',3.74),
('AL051','AS011',10),
('AL051','AS012',3.24),
('AL051','AS013',6.96),
('AL051','AS014',3.23),
('AL051','AS015',10),
('AL051','AS016',10),
('AL051','AS017',6.01),
('AL051','AS018',10),
('AL051','AS019',8.18),
('AL051','AS020',9.65),
('AL054','AS011',5.43),
('AL054','AS012',5.59),
('AL054','AS013',10),
('AL054','AS014',7.57),
('AL054','AS015',5.07),
('AL054','AS016',8.32),
('AL054','AS017',3.55),
('AL054','AS018',5.06),
('AL054','AS019',1.58),
('AL054','AS020',2.21),
('AL064','AS011',10),
('AL064','AS012',6.72),
('AL064','AS013',1.19),
('AL064','AS014',3.06),
('AL064','AS015',6.52),
('AL064','AS016',1.72),
('AL064','AS017',8.14),
('AL064','AS018',10),
('AL064','AS019',10),
('AL064','AS020',8.66),
('AL079','AS011',9.64),
('AL079','AS012',4.03),
('AL079','AS013',9.06),
('AL079','AS014',9.83),
('AL079','AS015',9.51),
('AL079','AS016',1.39),
('AL079','AS017',2.87),
('AL079','AS018',4.88),
('AL079','AS019',5.31),
('AL079','AS020',6.57),
('AL099','AS011',6.12),
('AL099','AS012',10),
('AL099','AS013',6.07),
('AL099','AS014',10),
('AL099','AS015',8.53),
('AL099','AS016',2.46),
('AL099','AS017',6.84),
('AL099','AS018',5.31),
('AL099','AS019',4.35),
('AL099','AS020',7.77),
('AL100','AS011',1.48),
('AL100','AS012',7.41),
('AL100','AS013',3.16),
('AL100','AS014',7.65),
('AL100','AS015',2.15),
('AL100','AS016',1.91),
('AL100','AS017',7.05),
('AL100','AS018',2.05),
('AL100','AS019',1.11),
('AL100','AS020',4.76),
('AL101','AS011',7.21),
('AL101','AS012',6.14),
('AL101','AS013',4.09),
('AL101','AS014',8.85),
('AL101','AS015',9.82),
('AL101','AS016',5.87),
('AL101','AS017',3.63),
('AL101','AS018',1.67),
('AL101','AS019',4.99),
('AL101','AS020',5.89),
('AL102','AS011',8.75),
('AL102','AS012',4.32),
('AL102','AS013',5.44),
('AL102','AS014',9.06),
('AL102','AS015',4.32),
('AL102','AS016',5.58),
('AL102','AS017',3.38),
('AL102','AS018',4.67),
('AL102','AS019',3.54),
('AL102','AS020',4.32),
('AL106','AS011',5.09),
('AL106','AS012',2.13),
('AL106','AS013',9.86),
('AL106','AS014',4.73),
('AL106','AS015',1.25),
('AL106','AS016',3.05),
('AL106','AS017',4.85),
('AL106','AS018',9.61),
('AL106','AS019',4.95),
('AL106','AS020',8.53),
('AL112','AS011',4.22),
('AL112','AS012',2.26),
('AL112','AS013',4.75),
('AL112','AS014',9.89),
('AL112','AS015',5.25),
('AL112','AS016',1.39),
('AL112','AS017',8.07),
('AL112','AS018',10),
('AL112','AS019',5.37),
('AL112','AS020',6.74),
('AL113','AS011',6.93),
('AL113','AS012',4.81),
('AL113','AS013',2.25),
('AL113','AS014',1.65),
('AL113','AS015',4.42),
('AL113','AS016',1.81),
('AL113','AS017',8.76),
('AL113','AS018',2.08),
('AL113','AS019',3.95),
('AL113','AS020',6.14),
('AL119','AS011',10),
('AL119','AS012',4.85),
('AL119','AS013',10),
('AL119','AS014',1.84),
('AL119','AS015',4.11),
('AL119','AS016',5.68),
('AL119','AS017',3.53),
('AL119','AS018',2.17),
('AL119','AS019',8.75),
('AL119','AS020',9.61),
('AL123','AS011',5.16),
('AL123','AS012',6.29),
('AL123','AS013',2.92),
('AL123','AS014',9.07),
('AL123','AS015',1.81),
('AL123','AS016',1.09),
('AL123','AS017',4.82),
('AL123','AS018',3.92),
('AL123','AS019',9.38),
('AL123','AS020',8.21),
('AL131','AS011',3.77),
('AL131','AS012',1.82),
('AL131','AS013',2.38),
('AL131','AS014',9.03),
('AL131','AS015',2.03),
('AL131','AS016',10),
('AL131','AS017',1.85),
('AL131','AS018',8.86),
('AL131','AS019',6.82),
('AL131','AS020',4.23),
('AL152','AS011',3.27),
('AL152','AS012',7.17),
('AL152','AS013',6.17),
('AL152','AS014',9.97),
('AL152','AS015',1.35),
('AL152','AS016',6.46),
('AL152','AS017',10),
('AL152','AS018',4.05),
('AL152','AS019',2.79),
('AL152','AS020',7.02),
('AL154','AS011',8.41),
('AL154','AS012',7.78),
('AL154','AS013',4.25),
('AL154','AS014',4.36),
('AL154','AS015',9.79),
('AL154','AS016',3.08),
('AL154','AS017',9.52),
('AL154','AS018',5.38),
('AL154','AS019',4.14),
('AL154','AS020',9.21),
('AL160','AS011',10),
('AL160','AS012',7.93),
('AL160','AS013',1.89),
('AL160','AS014',2.23),
('AL160','AS015',8.32),
('AL160','AS016',3.01),
('AL160','AS017',4.59),
('AL160','AS018',10),
('AL160','AS019',2.82),
('AL160','AS020',4.21),
('AL161','AS011',4.85),
('AL161','AS012',7.11),
('AL161','AS013',3.37),
('AL161','AS014',2.26),
('AL161','AS015',4.99),
('AL161','AS016',10),
('AL161','AS017',9.13),
('AL161','AS018',4.58),
('AL161','AS019',7.57),
('AL161','AS020',6.87),
('AL166','AS011',5.17),
('AL166','AS012',1.27),
('AL166','AS013',6.77),
('AL166','AS014',7.22),
('AL166','AS015',1.18),
('AL166','AS016',10),
('AL166','AS017',7.94),
('AL166','AS018',9.51),
('AL166','AS019',7.45),
('AL166','AS020',7.21),
('AL167','AS011',3.92),
('AL167','AS012',3.25),
('AL167','AS013',2.12),
('AL167','AS014',2.96),
('AL167','AS015',7.06),
('AL167','AS016',8.39),
('AL167','AS017',9.39),
('AL167','AS018',8.02),
('AL167','AS019',7.84),
('AL167','AS020',6.27),
('AL170','AS011',3.69),
('AL170','AS012',2.15),
('AL170','AS013',8.15),
('AL170','AS014',5.69),
('AL170','AS015',6.31),
('AL170','AS016',5.18),
('AL170','AS017',9.61),
('AL170','AS018',2.79),
('AL170','AS019',7.01),
('AL170','AS020',4.44),
('AL177','AS011',6.03),
('AL177','AS012',1.88),
('AL177','AS013',3.38),
('AL177','AS014',6.22),
('AL177','AS015',8.16),
('AL177','AS016',5.16),
('AL177','AS017',2.45),
('AL177','AS018',3.63),
('AL177','AS019',2.37),
('AL177','AS020',4.59),
('AL185','AS011',1.02),
('AL185','AS012',1.48),
('AL185','AS013',10),
('AL185','AS014',9.73),
('AL185','AS015',10),
('AL185','AS016',6.73),
('AL185','AS017',9.31),
('AL185','AS018',8.77),
('AL185','AS019',1.26),
('AL185','AS020',10),
('AL193','AS011',4.96),
('AL193','AS012',7.22),
('AL193','AS013',2.35),
('AL193','AS014',10),
('AL193','AS015',6.79),
('AL193','AS016',10),
('AL193','AS017',10),
('AL193','AS018',3.95),
('AL193','AS019',9.58),
('AL193','AS020',8.64),
('AL197','AS011',7.59),
('AL197','AS012',3.07),
('AL197','AS013',10),
('AL197','AS014',6.75),
('AL197','AS015',8.77),
('AL197','AS016',5.16),
('AL197','AS017',1.06),
('AL197','AS018',6.88),
('AL197','AS019',7.92),
('AL197','AS020',1.88),
('AL004','AS021',4.23),
('AL004','AS022',9.65),
('AL004','AS023',7.75),
('AL004','AS024',5.76),
('AL004','AS025',3.43),
('AL004','AS026',6.95),
('AL004','AS027',6.91),
('AL004','AS028',9.76),
('AL004','AS029',10),
('AL004','AS030',4.44),
('AL008','AS021',8.29),
('AL008','AS022',4.43),
('AL008','AS023',4.37),
('AL008','AS024',5.02),
('AL008','AS025',8.84),
('AL008','AS026',4.24),
('AL008','AS027',8.02),
('AL008','AS028',4.22),
('AL008','AS029',9.28),
('AL008','AS030',6.18),
('AL028','AS021',6.86),
('AL028','AS022',8.27),
('AL028','AS023',8.17),
('AL028','AS024',6.23),
('AL028','AS025',3.09),
('AL028','AS026',7.93),
('AL028','AS027',3.48),
('AL028','AS028',2.78),
('AL028','AS029',4.48),
('AL028','AS030',8.44),
('AL031','AS021',8.81),
('AL031','AS022',10),
('AL031','AS023',9.58),
('AL031','AS024',9.96),
('AL031','AS025',8.89),
('AL031','AS026',3.94),
('AL031','AS027',5.14),
('AL031','AS028',7.58),
('AL031','AS029',9.94),
('AL031','AS030',5.68),
('AL034','AS021',2.41),
('AL034','AS022',4.49),
('AL034','AS023',4.23),
('AL034','AS024',4.02),
('AL034','AS025',4.34),
('AL034','AS026',4.95),
('AL034','AS027',4.18),
('AL034','AS028',7.49),
('AL034','AS029',1.48),
('AL034','AS030',4.84),
('AL043','AS021',7.19),
('AL043','AS022',3.09),
('AL043','AS023',4.62),
('AL043','AS024',2.35),
('AL043','AS025',10),
('AL043','AS026',2.28),
('AL043','AS027',9.61),
('AL043','AS028',7.61),
('AL043','AS029',4.15),
('AL043','AS030',8.44),
('AL044','AS021',1.54),
('AL044','AS022',4.24),
('AL044','AS023',7.81),
('AL044','AS024',4.46),
('AL044','AS025',2.63),
('AL044','AS026',8.25),
('AL044','AS027',9.17),
('AL044','AS028',2.28),
('AL044','AS029',3.54),
('AL044','AS030',8.23),
('AL047','AS021',9.52),
('AL047','AS022',6.64),
('AL047','AS023',5.29),
('AL047','AS024',2.38),
('AL047','AS025',2.89),
('AL047','AS026',10),
('AL047','AS027',7.09),
('AL047','AS028',6.49),
('AL047','AS029',10),
('AL047','AS030',3.77),
('AL050','AS021',7.38),
('AL050','AS022',3.84),
('AL050','AS023',3.52),
('AL050','AS024',8.51),
('AL050','AS025',8.61),
('AL050','AS026',3.29),
('AL050','AS027',8.92),
('AL050','AS028',4.82),
('AL050','AS029',6.23),
('AL050','AS030',8.41),
('AL055','AS021',7.06),
('AL055','AS022',5.11),
('AL055','AS023',6.52),
('AL055','AS024',1.57),
('AL055','AS025',5.11),
('AL055','AS026',6.01),
('AL055','AS027',8.09),
('AL055','AS028',6.87),
('AL055','AS029',6.58),
('AL055','AS030',8.19),
('AL059','AS021',5.32),
('AL059','AS022',8.42),
('AL059','AS023',2.42),
('AL059','AS024',6.73),
('AL059','AS025',7.85),
('AL059','AS026',6.41),
('AL059','AS027',4.38),
('AL059','AS028',1.55),
('AL059','AS029',5.98),
('AL059','AS030',7.12),
('AL071','AS021',1.09),
('AL071','AS022',7.36),
('AL071','AS023',8.77),
('AL071','AS024',1.16),
('AL071','AS025',6.57),
('AL071','AS026',6.69),
('AL071','AS027',10),
('AL071','AS028',5.97),
('AL071','AS029',8.96),
('AL071','AS030',10),
('AL072','AS021',8.73),
('AL072','AS022',2.77),
('AL072','AS023',9.48),
('AL072','AS024',3.73),
('AL072','AS025',2.78),
('AL072','AS026',9.39),
('AL072','AS027',3.79),
('AL072','AS028',3.91),
('AL072','AS029',10),
('AL072','AS030',7.68),
('AL073','AS021',6.16),
('AL073','AS022',1.07),
('AL073','AS023',6.88),
('AL073','AS024',6.71),
('AL073','AS025',5.65),
('AL073','AS026',1.56),
('AL073','AS027',7.25),
('AL073','AS028',6.49),
('AL073','AS029',10),
('AL073','AS030',9.96),
('AL078','AS021',2.55),
('AL078','AS022',5.26),
('AL078','AS023',10),
('AL078','AS024',8.54),
('AL078','AS025',10),
('AL078','AS026',7.33),
('AL078','AS027',10),
('AL078','AS028',8.33),
('AL078','AS029',9.67),
('AL078','AS030',9.41),
('AL080','AS021',10),
('AL080','AS022',9.79),
('AL080','AS023',2.66),
('AL080','AS024',4.31),
('AL080','AS025',2.06),
('AL080','AS026',10),
('AL080','AS027',9.78),
('AL080','AS028',1.11),
('AL080','AS029',9.78),
('AL080','AS030',6.94),
('AL083','AS021',7.58),
('AL083','AS022',8.97),
('AL083','AS023',4.07),
('AL083','AS024',10),
('AL083','AS025',6.61),
('AL083','AS026',7.43),
('AL083','AS027',6.51),
('AL083','AS028',7.78),
('AL083','AS029',1.68),
('AL083','AS030',9.43),
('AL095','AS021',1.11),
('AL095','AS022',3.49),
('AL095','AS023',4.17),
('AL095','AS024',9.43),
('AL095','AS025',2.64),
('AL095','AS026',7.05),
('AL095','AS027',1.21),
('AL095','AS028',6.49),
('AL095','AS029',10),
('AL095','AS030',8.91),
('AL096','AS021',9.15),
('AL096','AS022',4.63),
('AL096','AS023',2.51),
('AL096','AS024',2.53),
('AL096','AS025',3.02),
('AL096','AS026',3.13),
('AL096','AS027',5.75),
('AL096','AS028',1.35),
('AL096','AS029',8.63),
('AL096','AS030',9.47),
('AL098','AS021',9.84),
('AL098','AS022',4.29),
('AL098','AS023',9.96),
('AL098','AS024',10),
('AL098','AS025',6.98),
('AL098','AS026',10),
('AL098','AS027',4.95),
('AL098','AS028',2.91),
('AL098','AS029',7.88),
('AL098','AS030',7.41),
('AL105','AS021',7.86),
('AL105','AS022',7.38),
('AL105','AS023',4.55),
('AL105','AS024',10),
('AL105','AS025',1.49),
('AL105','AS026',7.14),
('AL105','AS027',5.21),
('AL105','AS028',1.09),
('AL105','AS029',4.38),
('AL105','AS030',1.49),
('AL110','AS021',5.84),
('AL110','AS022',4.59),
('AL110','AS023',1.15),
('AL110','AS024',6.59),
('AL110','AS025',6.18),
('AL110','AS026',8.56),
('AL110','AS027',10),
('AL110','AS028',5.91),
('AL110','AS029',1.76),
('AL110','AS030',9.63),
('AL122','AS021',4.36),
('AL122','AS022',10),
('AL122','AS023',1.58),
('AL122','AS024',1.32),
('AL122','AS025',7.77),
('AL122','AS026',10),
('AL122','AS027',1.19),
('AL122','AS028',10),
('AL122','AS029',2.53),
('AL122','AS030',3.28),
('AL124','AS021',6.77),
('AL124','AS022',9.94),
('AL124','AS023',8.61),
('AL124','AS024',10),
('AL124','AS025',9.95),
('AL124','AS026',7.88),
('AL124','AS027',8.42),
('AL124','AS028',7.24),
('AL124','AS029',8.95),
('AL124','AS030',4.54),
('AL127','AS021',6.65),
('AL127','AS022',9.93),
('AL127','AS023',9.18),
('AL127','AS024',9.99),
('AL127','AS025',6.19),
('AL127','AS026',4.93),
('AL127','AS027',4.37),
('AL127','AS028',2.36),
('AL127','AS029',7.57),
('AL127','AS030',3.96),
('AL134','AS021',10),
('AL134','AS022',6.29),
('AL134','AS023',2.51),
('AL134','AS024',5.71),
('AL134','AS025',9.99),
('AL134','AS026',5.24),
('AL134','AS027',6.06),
('AL134','AS028',6.67),
('AL134','AS029',4.34),
('AL134','AS030',5.72),
('AL139','AS021',2.85),
('AL139','AS022',9.68),
('AL139','AS023',4.12),
('AL139','AS024',9.82),
('AL139','AS025',1.74),
('AL139','AS026',8.16),
('AL139','AS027',2.65),
('AL139','AS028',3.22),
('AL139','AS029',5.36),
('AL139','AS030',6.46),
('AL145','AS021',7.93),
('AL145','AS022',7.73),
('AL145','AS023',9.09),
('AL145','AS024',3.45),
('AL145','AS025',5.14),
('AL145','AS026',3.51),
('AL145','AS027',2.27),
('AL145','AS028',8.77),
('AL145','AS029',10),
('AL145','AS030',9.48),
('AL146','AS021',1.12),
('AL146','AS022',8.63),
('AL146','AS023',9.93),
('AL146','AS024',3.02),
('AL146','AS025',7.41),
('AL146','AS026',4.95),
('AL146','AS027',7.57),
('AL146','AS028',1.37),
('AL146','AS029',3.94),
('AL146','AS030',5.42),
('AL149','AS021',3.05),
('AL149','AS022',4.22),
('AL149','AS023',6.94),
('AL149','AS024',9.53),
('AL149','AS025',5.59),
('AL149','AS026',1.57),
('AL149','AS027',5.06),
('AL149','AS028',5.22),
('AL149','AS029',6.79),
('AL149','AS030',5.65),
('AL150','AS021',7.13),
('AL150','AS022',2.77),
('AL150','AS023',2.18),
('AL150','AS024',9.09),
('AL150','AS025',5.36),
('AL150','AS026',1.98),
('AL150','AS027',4.18),
('AL150','AS028',5.43),
('AL150','AS029',6.72),
('AL150','AS030',2.83),
('AL153','AS021',9.35),
('AL153','AS022',9.31),
('AL153','AS023',6.82),
('AL153','AS024',1.73),
('AL153','AS025',7.51),
('AL153','AS026',7.36),
('AL153','AS027',5.64),
('AL153','AS028',5.53),
('AL153','AS029',2.77),
('AL153','AS030',6.84),
('AL155','AS021',9.63),
('AL155','AS022',3.13),
('AL155','AS023',6.86),
('AL155','AS024',10),
('AL155','AS025',9.21),
('AL155','AS026',2.79),
('AL155','AS027',3.74),
('AL155','AS028',9.17),
('AL155','AS029',4.21),
('AL155','AS030',2.85),
('AL157','AS021',7.77),
('AL157','AS022',5.23),
('AL157','AS023',8.04),
('AL157','AS024',8.22),
('AL157','AS025',9.41),
('AL157','AS026',10),
('AL157','AS027',2.73),
('AL157','AS028',5.97),
('AL157','AS029',6.61),
('AL157','AS030',5.17),
('AL162','AS021',2.79),
('AL162','AS022',5.98),
('AL162','AS023',7.96),
('AL162','AS024',4.94),
('AL162','AS025',3.23),
('AL162','AS026',10),
('AL162','AS027',1.82),
('AL162','AS028',7.51),
('AL162','AS029',7.68),
('AL162','AS030',5.39),
('AL175','AS021',1.72),
('AL175','AS022',10),
('AL175','AS023',8.96),
('AL175','AS024',5.91),
('AL175','AS025',5.61),
('AL175','AS026',10),
('AL175','AS027',4.84),
('AL175','AS028',9.16),
('AL175','AS029',2.25),
('AL175','AS030',4.65),
('AL180','AS021',6.47),
('AL180','AS022',10),
('AL180','AS023',5.44),
('AL180','AS024',4.55),
('AL180','AS025',3.55),
('AL180','AS026',8.63),
('AL180','AS027',5.83),
('AL180','AS028',9.46),
('AL180','AS029',8.87),
('AL180','AS030',2.12),
('AL186','AS021',10),
('AL186','AS022',5.45),
('AL186','AS023',8.57),
('AL186','AS024',2.89),
('AL186','AS025',1.53),
('AL186','AS026',4.22),
('AL186','AS027',4.29),
('AL186','AS028',1.09),
('AL186','AS029',7.07),
('AL186','AS030',7.07),
('AL192','AS021',6.03),
('AL192','AS022',8.51),
('AL192','AS023',6.85),
('AL192','AS024',4.54),
('AL192','AS025',10),
('AL192','AS026',9.55),
('AL192','AS027',5.32),
('AL192','AS028',4.35),
('AL192','AS029',9.28),
('AL192','AS030',9.09),
('AL196','AS021',1.97),
('AL196','AS022',8.52),
('AL196','AS023',4.95),
('AL196','AS024',7.35),
('AL196','AS025',10),
('AL196','AS026',10),
('AL196','AS027',8.17),
('AL196','AS028',1.93),
('AL196','AS029',9.81),
('AL196','AS030',1.07),
('AL002','AS031',8.69),
('AL002','AS032',6.57),
('AL002','AS033',10),
('AL002','AS034',6.58),
('AL002','AS035',8.51),
('AL002','AS080',7.17),
('AL002','AS067',5.62),
('AL002','AS070',10),
('AL002','AS053',6.99),
('AL002','AS078',1.38),
('AL005','AS031',7.92),
('AL005','AS032',1.06),
('AL005','AS033',8.27),
('AL005','AS034',3.08),
('AL005','AS035',1.35),
('AL005','AS048',10),
('AL005','AS051',7.39),
('AL005','AS038',3.16),
('AL005','AS083',6.77),
('AL005','AS058',6.64),
('AL012','AS031',3.52),
('AL012','AS032',5.69),
('AL012','AS033',8.33),
('AL012','AS034',6.85),
('AL012','AS035',6.03),
('AL012','AS071',1.16),
('AL012','AS081',3.91),
('AL012','AS053',3.53),
('AL012','AS048',1.31),
('AL012','AS041',5.59),
('AL013','AS031',6.43),
('AL013','AS032',7.02),
('AL013','AS033',5.61),
('AL013','AS034',1.89),
('AL013','AS035',6.83),
('AL013','AS044',2.84),
('AL013','AS071',2.06),
('AL013','AS066',1.47),
('AL013','AS070',7.07),
('AL013','AS039',10),
('AL014','AS031',8.42),
('AL014','AS032',8.57),
('AL014','AS033',7.06),
('AL014','AS034',4.76),
('AL014','AS035',5.67),
('AL014','AS058',4.65),
('AL014','AS044',8.52),
('AL014','AS046',7.62),
('AL014','AS037',4.42),
('AL014','AS046',1.63),
('AL016','AS031',3.45),
('AL016','AS032',4.33),
('AL016','AS033',1.89),
('AL016','AS034',10),
('AL016','AS035',1.02),
('AL016','AS046',1.52),
('AL016','AS070',4.79),
('AL016','AS039',4.37),
('AL016','AS061',4.49),
('AL016','AS059',6.75),
('AL018','AS031',9.39),
('AL018','AS032',10),
('AL018','AS033',1.45),
('AL018','AS034',4.16),
('AL018','AS035',10),
('AL018','AS068',2.75),
('AL018','AS043',3.75),
('AL018','AS083',4.73),
('AL018','AS071',3.36),
('AL018','AS067',4.55),
('AL021','AS031',9.38),
('AL021','AS032',5.32),
('AL021','AS033',6.82),
('AL021','AS034',5.69),
('AL021','AS035',6.99),
('AL021','AS083',2.32),
('AL021','AS041',5.79),
('AL021','AS069',5.85),
('AL021','AS062',2.69),
('AL021','AS067',9.45),
('AL022','AS031',7.15),
('AL022','AS032',5.75),
('AL022','AS033',10),
('AL022','AS034',9.02),
('AL022','AS035',1.17),
('AL022','AS070',3.36),
('AL022','AS051',10),
('AL022','AS067',5.51),
('AL022','AS038',10),
('AL022','AS077',3.62),
('AL033','AS031',3.73),
('AL033','AS032',10),
('AL033','AS033',6.45),
('AL033','AS034',8.51),
('AL033','AS035',1.23),
('AL033','AS080',10),
('AL033','AS042',10),
('AL033','AS043',7.16),
('AL033','AS071',1.84),
('AL033','AS064',7.88),
('AL036','AS031',1.43),
('AL036','AS032',9.69),
('AL036','AS033',6.67),
('AL036','AS034',4.39),
('AL036','AS035',8.95),
('AL036','AS046',10),
('AL036','AS044',7.88),
('AL036','AS047',6.43),
('AL036','AS047',9.43),
('AL036','AS061',8.32),
('AL039','AS031',5.79),
('AL039','AS032',1.97),
('AL039','AS033',9.78),
('AL039','AS034',7.33),
('AL039','AS035',5.11),
('AL039','AS037',6.51),
('AL039','AS046',5.22),
('AL039','AS075',2.11),
('AL039','AS043',7.88),
('AL039','AS078',2.48),
('AL041','AS031',9.42),
('AL041','AS032',3.82),
('AL041','AS033',9.26),
('AL041','AS034',9.57),
('AL041','AS035',1.76),
('AL041','AS047',3.96),
('AL041','AS043',8.76),
('AL041','AS078',10),
('AL041','AS051',7.25),
('AL041','AS040',3.67),
('AL042','AS031',5.11),
('AL042','AS032',7.08),
('AL042','AS033',3.67),
('AL042','AS034',10),
('AL042','AS035',2.72),
('AL042','AS053',10),
('AL042','AS074',1.17),
('AL042','AS044',8.14),
('AL042','AS068',9.86),
('AL042','AS067',10),
('AL046','AS031',2.59),
('AL046','AS032',8.45),
('AL046','AS033',7.81),
('AL046','AS034',1.81),
('AL046','AS035',4.55),
('AL046','AS069',8.78),
('AL046','AS066',10),
('AL046','AS048',1.88),
('AL046','AS076',5.88),
('AL046','AS047',7.64),
('AL049','AS031',4.78),
('AL049','AS032',10),
('AL049','AS033',1.61),
('AL049','AS034',6.94),
('AL049','AS035',2.09),
('AL049','AS080',9.15),
('AL049','AS047',9.55),
('AL049','AS069',6.48),
('AL049','AS078',1.38),
('AL049','AS044',9.23),
('AL060','AS031',9.95),
('AL060','AS032',6.28),
('AL060','AS033',5.35),
('AL060','AS034',4.44),
('AL060','AS035',1.15),
('AL060','AS039',7.36),
('AL060','AS045',8.04),
('AL060','AS074',10),
('AL060','AS051',10),
('AL060','AS081',2.65),
('AL065','AS031',6.74),
('AL065','AS032',6.24),
('AL065','AS033',7.25),
('AL065','AS034',1.91),
('AL065','AS035',7.11),
('AL065','AS044',7.12),
('AL065','AS064',6.15),
('AL065','AS053',5.91),
('AL065','AS037',9.08),
('AL065','AS047',6.47),
('AL067','AS031',8.41),
('AL067','AS032',9.86),
('AL067','AS033',4.55),
('AL067','AS034',6.92),
('AL067','AS035',6.41),
('AL067','AS074',4.28),
('AL067','AS064',2.07),
('AL067','AS080',8.14),
('AL067','AS047',4.98),
('AL067','AS083',4.52),
('AL068','AS031',5.89),
('AL068','AS032',5.28),
('AL068','AS033',3.21),
('AL068','AS034',7.04),
('AL068','AS035',7.68),
('AL068','AS065',8.38),
('AL068','AS067',1.03),
('AL068','AS057',5.91),
('AL068','AS068',9.01),
('AL068','AS044',4.11),
('AL074','AS031',9.17),
('AL074','AS032',1.68),
('AL074','AS033',1.15),
('AL074','AS034',7.66),
('AL074','AS035',7.36),
('AL074','AS051',1.23),
('AL074','AS077',3.58),
('AL074','AS042',10),
('AL074','AS042',7.99),
('AL074','AS043',8.11),
('AL077','AS031',6.21),
('AL077','AS032',4.17),
('AL077','AS033',3.51),
('AL077','AS034',8.15),
('AL077','AS035',7.46),
('AL077','AS075',5.56),
('AL077','AS058',4.89),
('AL077','AS062',10),
('AL077','AS037',4.78),
('AL077','AS038',8.61),
('AL086','AS031',1.39),
('AL086','AS032',9.88),
('AL086','AS033',2.14),
('AL086','AS034',1.52),
('AL086','AS035',7.44),
('AL086','AS043',10),
('AL086','AS070',10),
('AL086','AS064',6.31),
('AL086','AS068',7.21),
('AL086','AS071',7.57),
('AL087','AS083',4.46),
('AL087','AS070',4.41),
('AL087','AS066',4.76),
('AL087','AS051',1.82),
('AL087','AS057',8.36),
('AL087','AS064',1.11),
('AL087','AS059',2.52),
('AL087','AS077',2.55),
('AL087','AS064',2.92),
('AL087','AS071',10),
('AL088','AS031',9.98),
('AL088','AS032',9.25),
('AL088','AS033',1.23),
('AL088','AS034',6.87),
('AL088','AS035',9.88),
('AL088','AS061',4.39),
('AL088','AS064',6.87),
('AL088','AS078',2.02),
('AL088','AS048',6.36),
('AL088','AS067',2.64),
('AL089','AS031',10),
('AL089','AS032',7.42),
('AL089','AS033',9.22),
('AL089','AS034',9.13),
('AL089','AS035',9.06),
('AL089','AS083',3.17),
('AL089','AS083',5.54),
('AL089','AS039',7.02),
('AL089','AS039',8.31),
('AL089','AS076',7.06),
('AL094','AS031',4.39),
('AL094','AS032',2.29),
('AL094','AS033',3.95),
('AL094','AS034',3.81),
('AL094','AS035',7.45),
('AL094','AS069',10),
('AL094','AS040',6.52),
('AL094','AS059',2.41),
('AL094','AS061',6.23),
('AL094','AS080',8.63),
('AL107','AS031',10),
('AL107','AS032',6.42),
('AL107','AS033',10),
('AL107','AS034',1.27),
('AL107','AS035',5.47),
('AL107','AS051',5.13),
('AL107','AS076',3.16),
('AL107','AS067',10),
('AL107','AS057',3.79),
('AL107','AS058',10),
('AL114','AS031',9.19),
('AL114','AS032',5.54),
('AL114','AS033',1.81),
('AL114','AS034',4.24),
('AL114','AS035',3.61),
('AL114','AS066',4.88),
('AL114','AS065',8.47),
('AL114','AS042',2.46),
('AL114','AS062',4.65),
('AL114','AS037',4.96),
('AL115','AS031',8.22),
('AL115','AS032',4.57),
('AL115','AS033',9.92),
('AL115','AS034',2.17),
('AL115','AS035',10),
('AL115','AS042',3.69),
('AL115','AS065',9.09),
('AL115','AS074',5.13),
('AL115','AS080',6.54),
('AL115','AS039',3.61),
('AL117','AS031',4.98),
('AL117','AS032',1.39),
('AL117','AS033',8.32),
('AL117','AS034',1.95),
('AL117','AS035',1.14),
('AL117','AS044',4.07),
('AL117','AS041',5.23),
('AL117','AS075',9.85),
('AL117','AS077',1.24),
('AL117','AS065',9.21),
('AL121','AS031',1.48),
('AL121','AS032',6.07),
('AL121','AS033',8.86),
('AL121','AS034',2.62),
('AL121','AS035',10),
('AL121','AS045',8.27),
('AL121','AS071',7.11),
('AL121','AS061',8.64),
('AL121','AS041',5.82),
('AL121','AS075',2.25),
('AL128','AS031',10),
('AL128','AS032',3.42),
('AL128','AS033',7.31),
('AL128','AS034',2.34),
('AL128','AS035',7.14),
('AL128','AS039',4.82),
('AL128','AS074',3.91),
('AL128','AS078',5.64),
('AL128','AS048',5.13),
('AL128','AS077',2.44),
('AL136','AS031',10),
('AL136','AS032',9.63),
('AL136','AS033',7.54),
('AL136','AS034',4.33),
('AL136','AS035',8.34),
('AL136','AS059',4.19),
('AL136','AS051',6.17),
('AL136','AS045',9.35),
('AL136','AS081',7.92),
('AL136','AS057',4.59),
('AL141','AS031',9.93),
('AL141','AS032',2.69),
('AL141','AS033',5.39),
('AL141','AS034',4.34),
('AL141','AS035',1.23),
('AL141','AS065',7.54),
('AL141','AS051',9.49),
('AL141','AS068',10),
('AL141','AS042',5.85),
('AL141','AS048',4.12),
('AL156','AS031',3.74),
('AL156','AS032',10),
('AL156','AS033',5.03),
('AL156','AS034',9.78),
('AL156','AS035',4.72),
('AL156','AS042',4.75),
('AL156','AS065',9.21),
('AL156','AS039',5.82),
('AL156','AS078',5.66),
('AL156','AS053',1.05),
('AL163','AS031',3.65),
('AL163','AS032',3.87),
('AL163','AS033',8.65),
('AL163','AS034',2.63),
('AL163','AS035',1.41),
('AL163','AS048',9.49),
('AL163','AS071',8.22),
('AL163','AS047',3.39),
('AL163','AS066',1.59),
('AL163','AS064',7.25),
('AL168','AS031',7.27),
('AL168','AS032',10),
('AL168','AS033',9.34),
('AL168','AS034',10),
('AL168','AS035',4.62),
('AL168','AS044',3.11),
('AL168','AS039',8.75),
('AL168','AS083',10),
('AL168','AS044',4.99),
('AL168','AS076',7.87),
('AL171','AS031',1.96),
('AL171','AS032',2.68),
('AL171','AS033',2.72),
('AL171','AS034',6.07),
('AL171','AS035',8.69),
('AL171','AS078',5.24),
('AL171','AS059',10),
('AL171','AS061',10),
('AL171','AS037',2.91),
('AL171','AS062',9.35),
('AL172','AS031',9.46),
('AL172','AS032',3.88),
('AL172','AS033',9.47),
('AL172','AS034',10),
('AL172','AS035',1.91),
('AL172','AS062',1.88),
('AL172','AS046',2.27),
('AL172','AS066',2.86),
('AL172','AS081',9.07),
('AL172','AS058',7.32),
('AL179','AS031',2.37),
('AL179','AS032',1.22),
('AL179','AS033',4.85),
('AL179','AS034',2.85),
('AL179','AS035',3.39),
('AL179','AS067',5.33),
('AL179','AS046',4.01),
('AL179','AS045',6.64),
('AL179','AS042',8.58),
('AL179','AS042',6.85),
('AL183','AS031',3.84),
('AL183','AS032',1.07),
('AL183','AS033',1.22),
('AL183','AS034',4.87),
('AL183','AS035',8.87),
('AL183','AS074',4.11),
('AL183','AS074',10),
('AL183','AS071',7.35),
('AL183','AS042',1.91),
('AL183','AS047',4.55),
('AL190','AS031',7.35),
('AL190','AS032',1.85),
('AL190','AS033',4.62),
('AL190','AS034',1.75),
('AL190','AS035',9.06),
('AL190','AS068',10),
('AL190','AS046',7.52),
('AL190','AS081',7.08),
('AL190','AS037',9.73),
('AL190','AS062',4.43),
('AL001','AS084',2.54),
('AL001','AS085',7.37),
('AL001','AS086',10),
('AL001','AS087',4.96),
('AL001','AS088',5.96),
('AL001','AS089',5.85),
('AL001','AS090',4.15),
('AL001','AS091',8.77),
('AL001','AS092',4.15),
('AL001','AS093',10),
('AL006','AS084',10),
('AL006','AS085',10),
('AL006','AS086',2.65),
('AL006','AS087',7.51),
('AL006','AS088',2.37),
('AL006','AS089',10),
('AL006','AS090',4.42),
('AL006','AS091',8.61),
('AL006','AS092',6.96),
('AL006','AS093',10),
('AL015','AS084',2.09),
('AL015','AS085',9.78),
('AL015','AS086',1.87),
('AL015','AS087',7.72),
('AL015','AS088',6.52),
('AL015','AS089',6.71),
('AL015','AS090',6.17),
('AL015','AS091',8.43),
('AL015','AS092',5.67),
('AL015','AS093',9.81),
('AL023','AS084',3.56),
('AL023','AS085',6.19),
('AL023','AS086',2.86),
('AL023','AS087',6.81),
('AL023','AS088',9.98),
('AL023','AS089',1.54),
('AL023','AS090',6.43),
('AL023','AS091',6.27),
('AL023','AS092',6.01),
('AL023','AS093',1.06),
('AL024','AS084',6.81),
('AL024','AS085',7.59),
('AL024','AS086',1.12),
('AL024','AS087',5.08),
('AL024','AS088',9.31),
('AL024','AS089',3.11),
('AL024','AS090',2.69),
('AL024','AS091',5.81),
('AL024','AS092',3.67),
('AL024','AS093',5.23),
('AL035','AS084',1.94),
('AL035','AS085',6.64),
('AL035','AS086',5.37),
('AL035','AS087',4.96),
('AL035','AS088',6.95),
('AL035','AS089',6.91),
('AL035','AS090',1.41),
('AL035','AS091',5.42),
('AL035','AS092',3.35),
('AL035','AS093',1.46),
('AL037','AS084',10),
('AL037','AS085',1.81),
('AL037','AS086',7.91),
('AL037','AS087',2.56),
('AL037','AS088',2.88),
('AL037','AS089',3.58),
('AL037','AS090',4.38),
('AL037','AS091',4.05),
('AL037','AS092',5.43),
('AL037','AS093',5.16),
('AL040','AS084',8.68),
('AL040','AS085',6.38),
('AL040','AS086',10),
('AL040','AS087',9.23),
('AL040','AS088',3.63),
('AL040','AS089',3.75),
('AL040','AS090',8.03),
('AL040','AS091',7.01),
('AL040','AS092',8.99),
('AL040','AS093',9.55),
('AL063','AS084',5.47),
('AL063','AS085',4.97),
('AL063','AS086',7.36),
('AL063','AS087',8.06),
('AL063','AS088',4.22),
('AL063','AS089',1.94),
('AL063','AS090',3.57),
('AL063','AS091',1.56),
('AL063','AS092',10),
('AL063','AS093',9.33),
('AL075','AS084',1.64),
('AL075','AS085',8.84),
('AL075','AS086',2.21),
('AL075','AS087',5.73),
('AL075','AS088',5.73),
('AL075','AS089',7.97),
('AL075','AS090',7.86),
('AL075','AS091',1.11),
('AL075','AS092',9.31),
('AL075','AS093',9.33),
('AL084','AS084',2.97),
('AL084','AS085',4.36),
('AL084','AS086',1.45),
('AL084','AS087',10),
('AL084','AS088',1.99),
('AL084','AS089',4.71),
('AL084','AS090',6.37),
('AL084','AS091',2.41),
('AL084','AS092',5.75),
('AL084','AS093',5.13),
('AL091','AS084',1.72),
('AL091','AS085',6.21),
('AL091','AS086',10),
('AL091','AS087',5.62),
('AL091','AS088',10),
('AL091','AS089',3.43),
('AL091','AS090',2.76),
('AL091','AS091',9.99),
('AL091','AS092',7.12),
('AL091','AS093',5.22),
('AL093','AS084',5.93),
('AL093','AS085',5.09),
('AL093','AS086',7.09),
('AL093','AS087',8.96),
('AL093','AS088',9.48),
('AL093','AS089',10),
('AL093','AS090',9.42),
('AL093','AS091',5.67),
('AL093','AS092',4.99),
('AL093','AS093',4.71),
('AL109','AS084',10),
('AL109','AS085',1.62),
('AL109','AS086',6.61),
('AL109','AS087',5.41),
('AL109','AS088',2.51),
('AL109','AS089',10),
('AL109','AS090',4.32),
('AL109','AS091',8.47),
('AL109','AS092',10),
('AL109','AS093',3.78),
('AL116','AS084',2.93),
('AL116','AS085',5.66),
('AL116','AS086',2.97),
('AL116','AS087',2.59),
('AL116','AS088',4.24),
('AL116','AS089',2.67),
('AL116','AS090',1.42),
('AL116','AS091',6.65),
('AL116','AS092',9.42),
('AL116','AS093',9.61),
('AL120','AS084',8.31),
('AL120','AS085',1.94),
('AL120','AS086',4.57),
('AL120','AS087',9.83),
('AL120','AS088',1.09),
('AL120','AS089',5.89),
('AL120','AS090',10),
('AL120','AS091',9.79),
('AL120','AS092',6.34),
('AL120','AS093',9.05),
('AL129','AS084',2.14),
('AL129','AS085',1.04),
('AL129','AS086',7.04),
('AL129','AS087',9.71),
('AL129','AS088',3.33),
('AL129','AS089',4.02),
('AL129','AS090',9.71),
('AL129','AS091',7.89),
('AL129','AS092',8.35),
('AL129','AS093',3.53),
('AL130','AS084',6.78),
('AL130','AS085',8.36),
('AL130','AS086',3.34),
('AL130','AS087',4.25),
('AL130','AS088',8.54),
('AL130','AS089',7.63),
('AL130','AS090',1.34),
('AL130','AS091',9.34),
('AL130','AS092',6.06),
('AL130','AS093',1.74),
('AL133','AS084',6.55),
('AL133','AS085',6.17),
('AL133','AS086',6.63),
('AL133','AS087',10),
('AL133','AS088',7.37),
('AL133','AS089',1.51),
('AL133','AS090',6.43),
('AL133','AS091',8.64),
('AL133','AS092',7.18),
('AL133','AS093',3.63),
('AL137','AS084',9.47),
('AL137','AS085',5.62),
('AL137','AS086',8.75),
('AL137','AS087',5.92),
('AL137','AS088',7.96),
('AL137','AS089',3.69),
('AL137','AS090',5.37),
('AL137','AS091',4.19),
('AL137','AS092',1.95),
('AL137','AS093',7.42),
('AL140','AS084',10),
('AL140','AS085',8.45),
('AL140','AS086',4.26),
('AL140','AS087',7.45),
('AL140','AS088',9.98),
('AL140','AS089',6.22),
('AL140','AS090',3.34),
('AL140','AS091',10),
('AL140','AS092',10),
('AL140','AS093',1.15),
('AL144','AS084',7.58),
('AL144','AS085',10),
('AL144','AS086',1.79),
('AL144','AS087',7.25),
('AL144','AS088',1.57),
('AL144','AS089',10),
('AL144','AS090',1.12),
('AL144','AS091',1.81),
('AL144','AS092',4.26),
('AL144','AS093',3.27),
('AL148','AS084',3.76),
('AL148','AS085',5.94),
('AL148','AS086',3.16),
('AL148','AS087',8.46),
('AL148','AS088',1.19),
('AL148','AS089',6.96),
('AL148','AS090',7.79),
('AL148','AS091',7.85),
('AL148','AS092',5.85),
('AL148','AS093',8.07),
('AL151','AS084',2.32),
('AL151','AS085',5.45),
('AL151','AS086',4.66),
('AL151','AS087',3.96),
('AL151','AS088',4.02),
('AL151','AS089',9.98),
('AL151','AS090',1.27),
('AL151','AS091',10),
('AL151','AS092',2.06),
('AL151','AS093',4.33),
('AL159','AS084',9.56),
('AL159','AS085',7.59),
('AL159','AS086',8.41),
('AL159','AS087',1.33),
('AL159','AS088',4.84),
('AL159','AS089',2.63),
('AL159','AS090',7.38),
('AL159','AS091',8.54),
('AL159','AS092',2.76),
('AL159','AS093',3.13),
('AL164','AS084',7.67),
('AL164','AS085',1.36),
('AL164','AS086',6.13),
('AL164','AS087',4.72),
('AL164','AS088',2.34),
('AL164','AS089',3.55),
('AL164','AS090',1.81),
('AL164','AS091',6.44),
('AL164','AS092',4.72),
('AL164','AS093',1.33),
('AL169','AS084',7.24),
('AL169','AS085',5.15),
('AL169','AS086',4.35),
('AL169','AS087',7.27),
('AL169','AS088',6.59),
('AL169','AS089',10),
('AL169','AS090',6.67),
('AL169','AS091',2.88),
('AL169','AS092',9.06),
('AL169','AS093',8.69),
('AL176','AS084',6.15),
('AL176','AS085',1.16),
('AL176','AS086',9.08),
('AL176','AS087',9.83),
('AL176','AS088',2.74),
('AL176','AS089',6.64),
('AL176','AS090',8.75),
('AL176','AS091',8.85),
('AL176','AS092',3.38),
('AL176','AS093',3.96),
('AL182','AS084',2.47),
('AL182','AS085',10),
('AL182','AS086',9.19),
('AL182','AS087',2.31),
('AL182','AS088',5.28),
('AL182','AS089',3.91),
('AL182','AS090',8.95),
('AL182','AS091',5.07),
('AL182','AS092',2.11),
('AL182','AS093',5.66),
('AL184','AS084',8.85),
('AL184','AS085',4.53),
('AL184','AS086',7.65),
('AL184','AS087',7.75),
('AL184','AS088',5.64),
('AL184','AS089',10),
('AL184','AS090',3.29),
('AL184','AS091',5.55),
('AL184','AS092',4.05),
('AL184','AS093',6.97),
('AL188','AS084',7.66),
('AL188','AS085',6.11),
('AL188','AS086',2.64),
('AL188','AS087',3.22),
('AL188','AS088',6.73),
('AL188','AS089',5.29),
('AL188','AS090',3.35),
('AL188','AS091',1.26),
('AL188','AS092',6.55),
('AL188','AS093',6.27),
('AL195','AS084',10),
('AL195','AS085',7.21),
('AL195','AS086',9.58),
('AL195','AS087',5.48),
('AL195','AS088',2.89),
('AL195','AS089',4.94),
('AL195','AS090',7.56),
('AL195','AS091',3.32),
('AL195','AS092',5.47),
('AL195','AS093',7.05),
('AL199','AS084',2.04),
('AL199','AS085',3.13),
('AL199','AS086',9.01),
('AL199','AS087',7.87),
('AL199','AS088',4.52),
('AL199','AS089',8.35),
('AL199','AS090',9.12),
('AL199','AS091',7.32),
('AL199','AS092',7.71),
('AL199','AS093',3.42),
('AL009','AS100',2.85),
('AL020','AS099',3.18),
('AL026','AS100',8.07),
('AL029','AS097',9.45),
('AL032','AS097',5.86),
('AL038','AS100',7.88),
('AL048','AS099',2.15),
('AL053','AS097',6.77),
('AL056','AS097',5.94),
('AL057','AS099',10),
('AL061','AS095',7.56),
('AL062','AS095',6.24),
('AL066','AS097',7.91),
('AL070','AS099',1.48),
('AL082','AS100',2.94),
('AL085','AS099',3.47),
('AL097','AS100',1.74),
('AL111','AS097',10),
('AL125','AS095',10),
('AL126','AS097',2.96),
('AL135','AS099',2.44),
('AL143','AS099',7.78),
('AL158','AS100',3.51),
('AL173','AS095',6.71),
('AL174','AS095',10),
('AL178','AS099',1.17),
('AL181','AS095',3.01),
('AL191','AS095',7.55),
('AL198','AS100',4.45);
/*!40000 ALTER TABLE `matricula` ENABLE KEYS */;
UNLOCK TABLES;
COMMIT;
SET AUTOCOMMIT=@OLD_AUTOCOMMIT;

--
-- Table structure for table `profesor`
--

DROP TABLE IF EXISTS `profesor`;
/*!40101 SET @saved_cs_client     = @@character_set_client */;
/*!40101 SET character_set_client = utf8mb4 */;
CREATE TABLE `profesor` (
  `idProfesor` char(5) NOT NULL,
  `NIF` char(9) DEFAULT NULL,
  `nombre` varchar(50) NOT NULL,
  `apellido1` varchar(50) NOT NULL,
  `apellido2` varchar(50) DEFAULT NULL,
  `email` varchar(50) DEFAULT NULL,
  `direccion` varchar(100) NOT NULL,
  `codigoPostal` decimal(5,0) NOT NULL,
  `municipio` tinytext NOT NULL,
  `provincia` tinytext NOT NULL,
  `categoria` enum('Catedráticos de Universidad','Titulares Universidad','Catedráticos de Escuela Universitaria','Titulares de Escuela Universitaria','Eméritos','Contratados Doctores','Contratados Doctores Interinos','Asociados','Asociado Interino','Ayudantes Doctores','Otros Investigadores Doctores','PDI predoctoral') DEFAULT NULL,
  PRIMARY KEY (`idProfesor`),
  UNIQUE KEY `NIF` (`NIF`),
  UNIQUE KEY `email` (`email`)
) ENGINE=InnoDB DEFAULT CHARSET=utf8mb4 COLLATE=utf8mb4_unicode_ci;
/*!40101 SET character_set_client = @saved_cs_client */;

--
-- Dumping data for table `profesor`
--

SET @OLD_AUTOCOMMIT=@@AUTOCOMMIT, @@AUTOCOMMIT=0;
LOCK TABLES `profesor` WRITE;
/*!40000 ALTER TABLE `profesor` DISABLE KEYS */;
INSERT INTO `profesor` VALUES
('PR001','34417139B','Juan','Infante','Fraidias','juan.infante.fraidias@ucm.com','Calle de los Almendros , 86',28070,'Las Rozas','Madrid','Asociados'),
('PR002','52479077P','David','Serna','Balmori','david.serna.balmori@ucm.com','Calle Abarejo , 44',28017,'Brea de Tajo','Madrid','Titulares Universidad'),
('PR003','84277383X','Josefa','Pedraza','Travez','josefa.pedraza.travez@ucm.com','Calle Abogados de Atocha , 145',28035,'El Molar','Madrid','Contratados Doctores'),
('PR004','72702217A','Jose Antonio','Belda','Leno','jose.antonio.belda.leno@ucm.com','Calle de Ayamonte , 186',28080,'Pezuela de las Torres','Madrid','Titulares Universidad'),
('PR005','75239553F','Jose Luis','Barragan','Usategui','jose.luis.barragan.usategui@ucm.com','Travesia del Almendro , 97',28038,'Robledillo de la Jara','Madrid','Catedráticos de Escuela Universitaria'),
('PR006','81953461Y','Francisco Javier','Reig','Amills','francisco.javier.reig.amills@ucm.com','Calle de la Albericia , 134',28071,'Colmenarejo','Madrid','Contratados Doctores Interinos'),
('PR007','18598553N','Ana Maria','De Diego','Bocigas','ana.maria.de.diego.bocigas@ucm.com','Avenida de los Andes , 188',28030,'Prádena del Rincón','Madrid','PDI predoctoral'),
('PR008','72252271H','Carlos','Fuertes','Carulla','carlos.fuertes.carulla@ucm.com','Calle Águeda , 26',28046,'Velilla de San Antonio','Madrid','Catedráticos de Escuela Universitaria'),
('PR009','70631063C','Daniel','Aguado','Pastrana','daniel.aguado.pastrana@ucm.com','Calle de Antoñita Jiménez , 122',28041,'Talamanca de Jarama','Madrid','Catedráticos de Universidad'),
('PR010','15794042W','Maria Dolores','Espino','Zamudio','maria.dolores.espino.zamudio@ucm.com','Calle del Arroyo de la Elipa , 189',28034,'San Martín de la Vega','Madrid','Titulares Universidad'),
('PR011','86245635W','Maria Pilar','Valderrama','Urquiaga','maria.pilar.valderrama.urquiaga@ucm.com','Calle Alisios , 150',28006,'Chapinería','Madrid','Catedráticos de Escuela Universitaria'),
('PR012','83153833C','Miguel','Fuentes','Andreu','miguel.fuentes.andreu@ucm.com','Calle de la Alcoholera , 12',28080,'Pozuelo del Rey','Madrid','Contratados Doctores Interinos'),
('PR013','55710808P','Maria Teresa','Pico','Zoyo','maria.teresa.pico.zoyo@ucm.com','Calle de Arenas de Iguña , 17',28080,'Algete','Madrid','Ayudantes Doctores'),
('PR014','52041463T','Ana','Andujar','Popovici','ana.andujar.popovici@ucm.com','Calle de las Aguas , 61',28035,'Cabanillas de la Sierra','Madrid','Otros Investigadores Doctores'),
('PR015','81703794T','Rafael','Murcia','Petrov','rafael.murcia.petrov@ucm.com','Calle Almendro , 53',28012,'Tielmes','Madrid','PDI predoctoral'),
('PR016','36742399V','Jose Manuel','Antolin','Diranzo','jose.manuel.antolin.diranzo@ucm.com','Calle Azabache , 190',28012,'Piñuécar-Gandullas','Madrid','Catedráticos de Universidad'),
('PR017','33150418J','Pedro','Calderon','Domenech','pedro.calderon.domenech@ucm.com','Carretera de Alpedrete , 104',28008,'Ciempozuelos','Madrid','Contratados Doctores'),
('PR018','82285639Q','Laura','Bueno','Sobreira','laura.bueno.sobreira@ucm.com','Calle de los Árboles , 198',28039,'Cabanillas de la Sierra','Madrid','Catedráticos de Escuela Universitaria'),
('PR019','37497894I','Francisca','Smith','Mafla','francisca.smith.mafla@ucm.com','Calle del Arco , 149',28029,'Moralzarzal','Madrid','Otros Investigadores Doctores'),
('PR020','34744580Y','Antonia','Vara','Esarte','antonia.vara.esarte@ucm.com','Calle de Alba de Tormes , 123',28030,'Valdemoro','Madrid','Contratados Doctores'),
('PR021','25542059S','Alejandro','Piã‘A','Ivars','alejandro.piã‘a.ivars@ucm.com','Calle Alfonso X El Sabio , 199',28008,'Colmenar de Oreja','Madrid','Catedráticos de Escuela Universitaria'),
('PR022','71976482V','Dolores','Amoros','Cases','dolores.amoros.cases@ucm.com','Calle de las Acacias , 109',28048,'Manzanares el Real','Madrid','Catedráticos de Universidad'),
('PR023','76471428I','Antonio','Quero','Atienza','antonio.quero.atienza@ucm.com','Vereda de las Arboledas , 89',28015,'Sevilla la Nueva','Madrid','Catedráticos de Universidad'),
('PR024','57354131X','Jose','Valera','Bardal','jose.valera.bardal@ucm.com','Calle de la Alegría , 82',28034,'Villa del Prado','Madrid','Titulares Universidad'),
('PR025','21841380T','Maria Carmen','Palacios','Cholvi','maria.carmen.palacios.cholvi@ucm.com','Calle Apolo , 32',28083,'Meco','Madrid','Otros Investigadores Doctores'),
('PR026','86751787V','Maria','Lucena','Nebra','maria.lucena.nebra@ucm.com','Calle Arroyo de los Berros , 31',28046,'Moraleja de Enmedio','Madrid','Catedráticos de Escuela Universitaria'),
('PR027','35634129C','Manuel','Falcon','Zendoia','manuel.falcon.zendoia@ucm.com','Calle de Aguileñas , 65',28041,'Mejorada del Campo','Madrid','Titulares de Escuela Universitaria'),
('PR028','67157773L','Francisco','Cid','Lubiano','francisco.cid.lubiano@ucm.com','Travesia Antón , 55',28045,'Madrid','Madrid','Asociado Interino'),
('PR029','34163047Q','Carmen','Pino','Holgueras','carmen.pino.holgueras@ucm.com','Calle de Alcalá de Guadaira , 170',28048,'Rozas de Puerto Real','Madrid','Titulares de Escuela Universitaria'),
('PR030','78969666B','Juan','Perera','Chao','juan.perera.chao@ucm.com','Calle del Arroyo , 34',28009,'Pinilla del Valle','Madrid','Asociados'),
('PR031','15480959Q','David','Galindo','Chirila','david.galindo.chirila@ucm.com','Calle de Asunción Cuestablanca , 40',28040,'La Cabrera','Madrid','Asociado Interino'),
('PR032','76367475V','Josefa','Villena','Hombrados','josefa.villena.hombrados@ucm.com','Calle de Alonso de Mendoza , 161',28043,'Boadilla del Monte','Madrid','PDI predoctoral'),
('PR033','64389449W','Jose Antonio','Bonilla','Abello','jose.antonio.bonilla.abello@ucm.com','Calle de Albalate del Arzobispo , 51',28016,'Navalafuente','Madrid','Ayudantes Doctores'),
('PR034','47783567D','Jose Luis','Yague','Liern','jose.luis.yague.liern@ucm.com','Calle Atocha , 133',28023,'Puebla de la Sierra','Madrid','Ayudantes Doctores'),
('PR035','13616538V','Javier','Exposito','Orejuela','javier.exposito.orejuela@ucm.com','Calle los Acebos , 138',28086,'Valdemaqueda','Madrid','Titulares Universidad'),
('PR036','78722469N','Isabel','Chaves','Cantisano','isabel.chaves.cantisano@ucm.com','Calle de Alcudia , 14',28006,'San Fernando de Henares','Madrid','Catedráticos de Escuela Universitaria'),
('PR037','45405804R','Jesus','Cerezo','Esquer','jesus.cerezo.esquer@ucm.com','Calle Armonía , 61',28087,'Robledo de Chavela','Madrid','Contratados Doctores'),
('PR038','25187565W','Francisco Javier','Aguilera','Pavlova','francisco.javier.aguilera.pavlova@ucm.com','Calle Acacia , 53',28014,'Boadilla del Monte','Madrid','Catedráticos de Universidad'),
('PR039','19655057F','Ana Maria','Guillen','Bembibre','ana.maria.guillen.bembibre@ucm.com','Pasaje Almendro del Paular , 167',28071,'Puentes Viejas','Madrid','Catedráticos de Universidad'),
('PR040','29987297T','Carlos','De Las Heras','Orrego','carlos.de.las.heras.orrego@ucm.com','Calle del Alcalde Ramón del Yerro Ordóñez , 135',28011,'El Molar','Madrid','Eméritos'),
('PR041','22835810F','Daniel','De La Rosa','Gaudes','daniel.de.la.rosa.gaudes@ucm.com','Calle del Alcalde Pablo Durán y Pérez de Castro , 2',28050,'Fuentidueña de Tajo','Madrid','Ayudantes Doctores'),
('PR042','63215069W','Maria Dolores','Casanova','Ocasar','maria.dolores.casanova.ocasar@ucm.com','Calle de las Arenas , 161',28083,'Braojos de la Sierra','Madrid','Contratados Doctores Interinos'),
('PR043','83480230A','Maria Pilar','Bejarano','De La Piedad','maria.pilar.bejarano.de.la.piedad@ucm.com','Calle Aldea del Fresno , 105',28071,'Coslada','Madrid','Contratados Doctores Interinos'),
('PR044','19206079I','Miguel','Silva','Rose','miguel.silva.rose@ucm.com','Calle de Asunción , 173',28049,'Bustarviejo','Madrid','Asociado Interino'),
('PR045','66989687K','Maria Teresa','Valderrama','Ruperez','maria.teresa.valderrama.ruperez@ucm.com','Plaza de Antonio Chenel Antoñete , 152',28014,'Lozoyuela-Navas-Sieteiglesias','Madrid','Titulares Universidad'),
('PR046','47970524A','Ana','Padron','Balada','ana.padron.balada@ucm.com','Calle de Argentona , 179',28002,'Boadilla del Monte','Madrid','Titulares Universidad'),
('PR047','76965754O','Rafael','Figueroa','Casal','rafael.figueroa.casal@ucm.com','Calle de la Aeronave , 37',28004,'Colmenarejo','Madrid','PDI predoctoral'),
('PR048','48034341Q','Jose Manuel','Nevado','Veras','jose.manuel.nevado.veras@ucm.com','Calle Arlanza , 170',28001,'Ajalvir','Madrid','Catedráticos de Universidad');
/*!40000 ALTER TABLE `profesor` ENABLE KEYS */;
UNLOCK TABLES;
COMMIT;
SET AUTOCOMMIT=@OLD_AUTOCOMMIT;

--
-- Table structure for table `tlfContactoProf`
--

DROP TABLE IF EXISTS `tlfContactoProf`;
/*!40101 SET @saved_cs_client     = @@character_set_client */;
/*!40101 SET character_set_client = utf8mb4 */;
CREATE TABLE `tlfContactoProf` (
  `idProfesor` char(5) NOT NULL,
  `telefono` decimal(9,0) NOT NULL,
  KEY `idProfesor` (`idProfesor`),
  CONSTRAINT `1` FOREIGN KEY (`idProfesor`) REFERENCES `profesor` (`idProfesor`) ON DELETE CASCADE
) ENGINE=InnoDB DEFAULT CHARSET=utf8mb4 COLLATE=utf8mb4_unicode_ci;
/*!40101 SET character_set_client = @saved_cs_client */;

--
-- Dumping data for table `tlfContactoProf`
--

SET @OLD_AUTOCOMMIT=@@AUTOCOMMIT, @@AUTOCOMMIT=0;
LOCK TABLES `tlfContactoProf` WRITE;
/*!40000 ALTER TABLE `tlfContactoProf` DISABLE KEYS */;
INSERT INTO `tlfContactoProf` VALUES
('PR001',671701361),
('PR001',919821212),
('PR002',627009710),
('PR002',912086321),
('PR003',623534916),
('PR003',910237060),
('PR004',665605946),
('PR004',914023810),
('PR005',639757136),
('PR005',914062289),
('PR006',677316494),
('PR006',916423500),
('PR007',688224993),
('PR007',915435132),
('PR008',655334327),
('PR008',912174237),
('PR009',666381576),
('PR009',915041806),
('PR010',682353235),
('PR010',917929243),
('PR011',639013021),
('PR011',916447330),
('PR012',656527456),
('PR012',913462123),
('PR013',651527951),
('PR013',910915539),
('PR014',675439855),
('PR014',918252094),
('PR015',662968887),
('PR015',911181619),
('PR016',657254923),
('PR016',918343525),
('PR017',640289802),
('PR017',912099111),
('PR018',682899564),
('PR018',919385858),
('PR019',652470702),
('PR019',918157519),
('PR020',647889268),
('PR020',914031651),
('PR021',686541275),
('PR021',911330424),
('PR022',671231510),
('PR022',912320208),
('PR023',630289947),
('PR023',919340762),
('PR024',688546931),
('PR024',916555509),
('PR025',658419359),
('PR025',916744884),
('PR026',642068175),
('PR026',915450061),
('PR027',663209281),
('PR027',918086161),
('PR028',644369401),
('PR028',919877324),
('PR029',656247508),
('PR029',911643457),
('PR030',650407431),
('PR030',918301740),
('PR031',674266398),
('PR031',913398190),
('PR032',670232237),
('PR032',919254014),
('PR033',636514348),
('PR033',913332890),
('PR034',647766677),
('PR034',910191535),
('PR035',625633316),
('PR035',918142432),
('PR036',689330125),
('PR036',913242848),
('PR037',621400679),
('PR037',918175103),
('PR038',642013331),
('PR038',917657232),
('PR039',688944713),
('PR039',913986030),
('PR040',667988431),
('PR040',918847545),
('PR041',636975797),
('PR041',911190369),
('PR042',677301546),
('PR042',917067126),
('PR043',662633669),
('PR043',911484088),
('PR044',633325425),
('PR044',914413757),
('PR045',664372135),
('PR045',914057594),
('PR046',680051927),
('PR046',915318727),
('PR047',666723740),
('PR047',915492151),
('PR048',630209703),
('PR048',919677443);
/*!40000 ALTER TABLE `tlfContactoProf` ENABLE KEYS */;
UNLOCK TABLES;
COMMIT;
SET AUTOCOMMIT=@OLD_AUTOCOMMIT;

--
-- Dumping routines for database 'Facultad'
--
/*!40103 SET TIME_ZONE=@OLD_TIME_ZONE */;

/*!40101 SET SQL_MODE=@OLD_SQL_MODE */;
/*!40014 SET FOREIGN_KEY_CHECKS=@OLD_FOREIGN_KEY_CHECKS */;
/*!40014 SET UNIQUE_CHECKS=@OLD_UNIQUE_CHECKS */;
/*!40101 SET CHARACTER_SET_CLIENT=@OLD_CHARACTER_SET_CLIENT */;
/*!40101 SET CHARACTER_SET_RESULTS=@OLD_CHARACTER_SET_RESULTS */;
/*!40101 SET COLLATION_CONNECTION=@OLD_COLLATION_CONNECTION */;
/*M!100616 SET NOTE_VERBOSITY=@OLD_NOTE_VERBOSITY */;

-- Dump completed on 2026-07-06 21:02:13
